Año,Continente,País,Temp_Promedio(°C),Emisiones_CO2(Mt),Aumento_Nivel_Mar(mm),Índice_Riesgo_Climático,CO2_por_Temperatura,Categoría_Riesgo
2021,Europa,Reino Unido,19.6,978.24,3.57,28,49.91020408163265,Bajo
2022,Asia,India,25.3,770.39,1.47,74,30.450197628458497,Alto
2022,Asia,Japón,23.2,963.84,3.09,48,41.5448275862069,Medio
2020,América del Norte,México,20.8,349.49,3.81,23,16.802403846153847,Bajo
2024,África,Egipto,33.1,475.82,3.35,86,14.375226586102718,Crítico
2021,América del Sur,Chile,18.9,262.92,1.18,80,13.911111111111113,Alto
2020,África,Nigeria,18.0,660.9,2.0,46,36.71666666666667,Medio
2021,África,Sudáfrica,15.3,359.76,2.8,55,23.513725490196077,Medio
2022,Asia,Japón,18.4,883.98,4.46,58,48.04239130434783,Medio
2025,Oceanía,Australia,30.8,598.4,1.37,27,19.428571428571427,Bajo
2023,América del Sur,Brasil,29.3,354.29,3.54,40,12.091808873720137,Bajo
2023,América del Norte,México,21.7,947.31,4.27,51,43.65483870967742,Medio
2024,Oceanía,Nueva Zelanda,25.6,300.57,1.84,42,11.741015625,Medio
2023,Asia,Japón,29.7,694.41,3.16,59,23.38080808080808,Medio
2022,Oceanía,Australia,24.7,696.58,4.33,23,28.201619433198385,Bajo
2020,América del Sur,Brasil,23.9,302.34,4.03,41,12.65020920502092,Medio
2024,América del Sur,Chile,27.2,590.41,4.76,69,21.70625,Alto
2021,Asia,India,14.3,805.13,2.88,52,56.3027972027972,Medio
2020,América del Norte,México,30.5,504.74,2.85,73,16.548852459016395,Alto
2024,Oceanía,Nueva Zelanda,10.1,147.1,1.58,25,14.564356435643564,Bajo
2023,África,Egipto,18.8,989.88,3.45,90,52.6531914893617,Crítico
2022,América del Norte,Estados Unidos,20.1,613.43,2.1,41,30.51890547263681,Medio
2025,América del Sur,Chile,15.5,297.65,4.92,33,19.203225806451613,Bajo
2020,América del Sur,Argentina,21.0,348.76,3.76,29,16.607619047619046,Bajo
2024,América del Sur,Brasil,16.9,850.51,3.97,85,50.32603550295858,Crítico
2022,América del Sur,Chile,10.4,633.77,4.93,35,60.93942307692307,Bajo
2020,África,Nigeria,13.4,980.8,1.77,87,73.19402985074626,Crítico
2022,Europa,Italia,16.6,266.96,1.59,62,16.08192771084337,Alto
2025,África,Egipto,15.9,272.95,1.82,42,17.166666666666664,Medio
2025,América del Sur,Brasil,34.1,172.96,4.66,88,5.072140762463343,Crítico
2020,Oceanía,Nueva Zelanda,23.2,394.4,1.87,76,17.0,Alto
2023,Oceanía,Nueva Zelanda,30.2,350.93,1.15,82,11.62019867549669,Crítico
2023,África,Kenia,17.2,935.08,4.64,72,54.365116279069774,Alto
2024,América del Norte,Canadá,24.9,698.23,1.49,58,28.04136546184739,Medio
2021,América del Sur,Argentina,19.3,508.92,1.31,42,26.368911917098444,Medio
2022,Oceanía,Nueva Zelanda,23.7,479.79,3.58,83,20.244303797468355,Crítico
2023,América del Norte,Estados Unidos,14.1,479.23,2.95,31,33.98794326241135,Bajo
2021,Europa,Alemania,31.3,882.1,2.9,84,28.182108626198083,Crítico
2021,Oceanía,Australia,17.3,708.1,3.15,61,40.93063583815029,Alto
2024,América del Norte,México,31.5,805.9,4.27,25,25.584126984126982,Bajo
2024,América del Sur,Chile,24.7,578.39,1.75,70,23.4165991902834,Alto
2024,Oceanía,Nueva Zelanda,16.3,733.08,4.17,74,44.974233128834356,Alto
2021,América del Sur,Argentina,30.6,386.25,2.98,66,12.622549019607842,Alto
2025,África,Egipto,32.9,186.35,2.25,23,5.664133738601824,Bajo
2020,Asia,Pakistán,32.2,736.68,3.95,79,22.878260869565214,Alto
2025,África,Egipto,27.3,228.94,2.32,84,8.386080586080586,Crítico
2025,América del Norte,Estados Unidos,31.9,613.17,1.73,63,19.22163009404389,Alto
2020,América del Norte,México,32.9,723.43,3.78,75,21.988753799392097,Alto
2025,Europa,Italia,31.7,202.38,4.62,42,6.384227129337539,Medio
2023,África,Sudáfrica,14.8,480.34,4.86,84,32.4554054054054,Crítico
2020,América del Norte,México,26.6,453.79,3.53,36,17.059774436090226,Bajo
2021,Europa,Reino Unido,28.6,542.1,2.06,77,18.954545454545453,Alto
2025,Asia,Pakistán,22.3,631.78,1.47,86,28.330941704035872,Crítico
2020,Europa,Francia,14.6,176.98,2.22,82,12.121917808219179,Crítico
2021,América del Sur,Chile,24.7,688.54,4.37,43,27.876113360323885,Medio
2024,América del Sur,Chile,30.0,398.7,1.99,29,13.29,Bajo
2023,Europa,Reino Unido,11.1,865.7,3.32,44,77.990990990991,Medio
2025,África,Nigeria,20.8,502.89,3.75,37,24.177403846153844,Bajo
2020,África,Sudáfrica,34.8,594.39,2.49,50,17.080172413793104,Medio
2022,Asia,Japón,21.5,930.42,1.7,33,43.2753488372093,Bajo
2023,Oceanía,Australia,26.6,294.89,3.84,56,11.08609022556391,Medio
2020,África,Nigeria,13.6,291.03,2.55,48,21.399264705882352,Medio
2022,América del Norte,Estados Unidos,24.2,289.37,2.12,88,11.957438016528926,Crítico
2021,África,Nigeria,11.5,163.12,2.31,76,14.184347826086958,Alto
2022,Asia,Japón,18.1,862.29,2.75,23,47.6403314917127,Bajo
2020,África,Kenia,28.0,636.18,1.81,45,22.720714285714283,Medio
2025,Oceanía,Nueva Zelanda,28.3,718.04,1.2,76,25.372438162544167,Alto
2021,América del Norte,México,28.6,199.32,1.61,47,6.9692307692307685,Medio
2021,América del Norte,México,21.3,166.88,1.76,75,7.834741784037559,Alto
2025,América del Sur,Chile,17.7,756.53,3.23,51,42.74180790960452,Medio
2024,América del Sur,Argentina,34.5,926.03,4.87,55,26.84144927536232,Medio
2022,Oceanía,Australia,17.5,175.98,4.28,58,10.056,Medio
2020,Europa,Italia,10.7,420.89,1.83,41,39.33551401869159,Medio
2024,Oceanía,Australia,21.3,272.6,2.02,83,12.7981220657277,Crítico
2022,Oceanía,Australia,27.1,245.41,2.51,35,9.055719557195571,Bajo
2024,América del Sur,Chile,30.5,968.17,2.47,65,31.74327868852459,Alto
2022,Europa,Reino Unido,21.1,521.89,3.57,24,24.734123222748813,Bajo
2023,Asia,Indonesia,15.7,620.72,2.79,69,39.53630573248408,Alto
2022,África,Sudáfrica,10.5,430.37,2.28,25,40.98761904761905,Bajo
2024,Asia,China,23.8,577.57,2.73,23,24.26764705882353,Bajo
2024,América del Sur,Chile,31.3,862.97,1.3,49,27.570926517571884,Medio
2025,Asia,Japón,20.0,460.87,4.87,40,23.0435,Bajo
2023,Oceanía,Australia,19.3,619.87,2.45,78,32.11761658031088,Alto
2022,Europa,Italia,16.6,565.07,4.17,44,34.040361445783134,Medio
2020,Asia,Japón,34.7,300.8,3.73,28,8.668587896253602,Bajo
2023,América del Sur,Chile,19.5,556.82,2.74,30,28.554871794871797,Bajo
2022,Europa,Reino Unido,26.6,264.91,1.1,55,9.959022556390979,Medio
2021,Europa,Alemania,26.8,694.68,3.25,65,25.920895522388058,Alto
2023,África,Kenia,11.7,624.98,2.17,76,53.41709401709402,Alto
2024,Asia,Indonesia,32.7,165.92,3.14,77,5.074006116207951,Alto
2024,América del Sur,Argentina,17.0,944.04,3.57,68,55.53176470588235,Alto
2020,Europa,Francia,22.9,864.25,3.69,21,37.74017467248908,Bajo
2024,Asia,Indonesia,22.0,408.16,2.51,53,18.552727272727275,Medio
2021,África,Sudáfrica,10.7,140.19,1.8,46,13.101869158878506,Medio
2023,América del Sur,Brasil,23.6,169.91,1.33,27,7.19957627118644,Bajo
2025,Asia,India,16.9,329.95,2.81,58,19.523668639053255,Medio
2021,Oceanía,Australia,30.8,809.7,1.79,77,26.28896103896104,Alto
2021,África,Kenia,17.0,275.42,4.28,27,16.201176470588237,Bajo
2022,África,Kenia,32.8,272.15,4.78,60,8.297256097560975,Medio
2023,África,Kenia,33.2,860.13,2.79,43,25.907530120481926,Medio
2020,África,Egipto,10.5,367.48,3.12,34,34.99809523809524,Bajo
2023,América del Norte,México,22.3,995.4,2.32,28,44.63677130044843,Bajo
2023,América del Sur,Chile,28.4,498.11,3.8,46,17.539084507042254,Medio
2022,Oceanía,Australia,14.7,355.65,1.36,24,24.193877551020407,Bajo
2020,África,Egipto,25.7,856.06,1.5,23,33.30972762645914,Bajo
2023,Europa,Francia,15.7,247.41,3.02,68,15.75859872611465,Alto
2025,Europa,Italia,28.3,480.93,4.62,46,16.99399293286219,Medio
2024,América del Sur,Brasil,11.5,644.7,2.26,69,56.060869565217395,Alto
2020,Europa,Alemania,23.6,584.11,2.4,78,24.75042372881356,Alto
2025,Asia,Japón,10.8,877.02,4.35,26,81.20555555555555,Bajo
2025,África,Sudáfrica,29.2,247.09,3.92,45,8.461986301369864,Medio
2024,América del Norte,México,29.8,757.82,3.59,79,25.43020134228188,Alto
2024,Asia,India,27.3,656.37,2.94,50,24.04285714285714,Medio
2020,América del Sur,Brasil,19.3,984.33,4.89,43,51.001554404145075,Medio
2023,África,Egipto,12.0,209.54,4.61,31,17.461666666666666,Bajo
2022,Asia,China,19.8,340.01,3.09,52,17.17222222222222,Medio
2024,Europa,Reino Unido,18.4,647.83,4.16,78,35.20815217391305,Alto
2023,América del Sur,Chile,27.4,432.61,2.55,34,15.788686131386862,Bajo
2022,Europa,Alemania,31.1,585.24,1.16,30,18.818006430868166,Bajo
2020,Oceanía,Australia,13.2,924.78,3.92,83,70.05909090909091,Crítico
2023,Europa,Italia,15.6,332.17,3.45,82,21.29294871794872,Crítico
2020,Europa,Italia,16.5,352.39,2.96,22,21.356969696969696,Bajo
2025,África,Sudáfrica,16.2,596.18,4.74,72,36.80123456790123,Alto
2023,África,Nigeria,23.0,786.71,4.42,66,34.20478260869565,Alto
2020,América del Sur,Argentina,14.0,153.05,4.41,43,10.932142857142859,Medio
2020,África,Sudáfrica,29.4,432.94,1.11,57,14.725850340136056,Medio
2023,América del Sur,Argentina,14.8,383.57,2.33,40,25.91689189189189,Bajo
2021,Europa,Reino Unido,15.7,699.99,2.94,50,44.58535031847134,Medio
2020,África,Sudáfrica,17.2,181.04,2.03,61,10.525581395348837,Alto
2022,África,Nigeria,24.7,562.46,3.83,32,22.77165991902834,Bajo
2025,América del Norte,Canadá,15.5,569.22,1.7,59,36.72387096774194,Medio
2020,América del Sur,Chile,14.3,604.83,2.17,88,42.295804195804195,Crítico
2025,América del Sur,Brasil,30.3,556.94,2.21,60,18.380858085808583,Medio
2025,América del Sur,Argentina,10.5,897.14,1.95,86,85.44190476190477,Crítico
2025,Asia,Japón,32.3,487.43,1.71,90,15.090712074303408,Crítico
2021,Europa,Francia,28.9,248.98,3.42,20,8.61522491349481,Bajo
2023,Asia,Indonesia,16.3,588.49,4.44,78,36.10368098159509,Alto
2025,Asia,Japón,27.7,466.68,2.53,75,16.84765342960289,Alto
2021,América del Sur,Brasil,32.7,233.33,4.51,42,7.135474006116207,Medio
2022,África,Egipto,13.2,357.31,3.67,64,27.068939393939395,Alto
2020,América del Sur,Argentina,31.2,886.27,2.24,73,28.406089743589742,Alto
2022,África,Sudáfrica,33.4,706.19,4.37,60,21.143413173652696,Medio
2024,Oceanía,Australia,28.0,536.52,3.44,56,19.16142857142857,Medio
2023,Asia,Pakistán,29.1,622.48,2.0,25,21.39106529209622,Bajo
2023,América del Norte,Canadá,22.4,913.79,3.9,82,40.79419642857143,Crítico
2024,África,Egipto,31.0,214.89,4.65,88,6.9319354838709675,Crítico
2022,Oceanía,Nueva Zelanda,33.0,364.82,4.74,39,11.055151515151515,Bajo
2025,Oceanía,Nueva Zelanda,11.3,203.35,2.45,27,17.995575221238937,Bajo
2022,África,Egipto,17.7,860.61,4.61,70,48.62203389830509,Alto
2020,África,Kenia,27.0,850.98,1.05,78,31.517777777777777,Alto
2025,América del Norte,México,21.4,484.28,2.38,79,22.629906542056077,Alto
2020,Oceanía,Australia,23.7,858.31,2.8,35,36.21561181434599,Bajo
2025,África,Kenia,26.7,490.77,4.38,65,18.380898876404494,Alto
2020,Oceanía,Australia,22.7,351.52,4.81,85,15.485462555066078,Crítico
2024,África,Nigeria,31.0,813.74,4.38,52,26.24967741935484,Medio
2025,América del Norte,Estados Unidos,29.5,998.06,1.31,41,33.832542372881356,Medio
2021,América del Sur,Chile,14.8,649.85,2.24,34,43.90878378378378,Bajo
2025,América del Norte,Estados Unidos,34.8,335.78,1.47,52,9.648850574712643,Medio
2025,América del Sur,Brasil,14.8,736.39,4.72,82,49.75608108108108,Crítico
2023,América del Sur,Brasil,34.7,384.71,4.22,35,11.086743515850143,Bajo
2021,Oceanía,Nueva Zelanda,22.9,186.1,3.04,36,8.126637554585153,Bajo
2020,Europa,Italia,27.0,309.59,1.45,75,11.466296296296296,Alto
2021,América del Sur,Chile,18.4,221.18,1.33,52,12.020652173913044,Medio
2023,Oceanía,Australia,34.7,956.26,3.39,62,27.557925072046107,Alto
2025,África,Nigeria,10.8,339.75,2.67,73,31.458333333333332,Alto
2025,América del Sur,Argentina,26.0,337.8,1.12,25,12.992307692307692,Bajo
2022,Europa,Reino Unido,34.4,634.05,2.59,56,18.431686046511626,Medio
2020,América del Norte,Estados Unidos,19.0,900.82,2.95,58,47.411578947368426,Medio
2023,Oceanía,Australia,30.4,470.35,2.06,80,15.472039473684212,Alto
2025,América del Norte,Canadá,24.2,169.58,4.49,30,7.007438016528926,Bajo
2023,Europa,España,28.8,392.35,1.74,66,13.62326388888889,Alto
2021,Europa,Alemania,23.9,242.89,4.1,56,10.162761506276151,Medio
2023,Europa,Italia,20.6,674.75,4.21,69,32.75485436893204,Alto
2020,África,Kenia,21.9,850.02,3.09,47,38.81369863013699,Medio
2022,América del Norte,México,11.7,982.01,3.81,64,83.93247863247863,Alto
2023,Europa,Italia,10.6,799.55,2.16,71,75.42924528301887,Alto
2020,África,Kenia,11.1,316.06,4.21,58,28.473873873873874,Medio
2025,Asia,China,29.6,305.18,2.47,63,10.310135135135134,Alto
2021,Oceanía,Australia,12.4,991.64,2.62,43,79.97096774193548,Medio
2021,Asia,Pakistán,24.1,243.01,2.5,64,10.083402489626556,Alto
2025,África,Egipto,19.9,429.34,2.33,68,21.5748743718593,Alto
2021,América del Norte,Canadá,32.8,987.67,1.91,75,30.11189024390244,Alto
2021,Europa,Alemania,12.7,681.79,1.77,51,53.684251968503936,Medio
2021,Europa,España,15.3,779.97,4.23,26,50.97843137254902,Bajo
2020,América del Sur,Argentina,25.9,825.81,4.35,70,31.884555984555984,Alto
2020,África,Sudáfrica,35.0,938.36,3.26,74,26.810285714285715,Alto
2021,Europa,Alemania,22.5,246.99,2.87,58,10.977333333333334,Medio
2022,Europa,Alemania,18.8,405.95,3.22,36,21.593085106382976,Bajo
2024,Europa,Francia,16.4,700.3,3.21,31,42.701219512195124,Bajo
2021,Europa,Alemania,26.9,467.72,4.49,84,17.387360594795542,Crítico
2020,América del Sur,Chile,14.7,429.85,2.86,49,29.241496598639458,Medio
2021,América del Norte,Canadá,16.5,806.98,3.78,26,48.907878787878786,Bajo
2021,Oceanía,Nueva Zelanda,12.1,442.2,4.92,82,36.54545454545455,Crítico
2020,América del Sur,Argentina,24.9,107.53,2.12,61,4.318473895582329,Alto
2023,Oceanía,Australia,16.1,839.06,2.4,46,52.11552795031055,Medio
2020,Asia,Indonesia,26.5,586.99,4.65,68,22.15056603773585,Alto
2022,América del Sur,Argentina,17.6,249.58,2.95,51,14.180681818181817,Medio
2020,América del Sur,Chile,21.7,652.84,4.4,34,30.084792626728113,Bajo
2021,América del Sur,Argentina,13.2,332.32,2.1,24,25.175757575757576,Bajo
2023,Asia,India,33.8,392.54,3.51,37,11.613609467455623,Bajo
2023,América del Sur,Chile,27.2,451.94,3.19,30,16.61544117647059,Bajo
2024,Oceanía,Australia,19.0,295.1,1.53,85,15.531578947368422,Crítico
2024,Europa,Alemania,27.3,464.09,3.13,34,16.999633699633698,Bajo
2023,Oceanía,Nueva Zelanda,30.4,900.86,2.25,54,29.63355263157895,Medio
2021,América del Norte,Canadá,22.4,453.94,4.27,90,20.265178571428574,Crítico
2022,América del Norte,México,27.2,884.97,2.58,35,32.535661764705885,Bajo
2022,Europa,Reino Unido,10.1,906.49,4.38,57,89.75148514851486,Medio
2020,América del Sur,Argentina,18.6,394.11,3.1,67,21.188709677419354,Alto
2020,Europa,España,13.9,474.11,4.81,72,34.10863309352518,Alto
2024,América del Norte,Canadá,31.9,315.0,1.83,20,9.87460815047022,Bajo
2021,América del Norte,Estados Unidos,31.4,874.41,4.39,56,27.847452229299364,Medio
2025,África,Kenia,28.1,478.45,4.9,73,17.026690391459073,Alto
2020,América del Norte,Canadá,14.1,790.54,1.84,23,56.06666666666666,Bajo
2024,África,Sudáfrica,12.0,720.06,4.58,84,60.004999999999995,Crítico
2021,Oceanía,Nueva Zelanda,25.1,208.0,2.15,41,8.286852589641434,Medio
2021,Asia,Indonesia,15.1,336.16,4.5,28,22.262251655629143,Bajo
2023,América del Sur,Chile,22.3,152.22,1.87,36,6.826008968609865,Bajo
2022,Asia,Japón,30.4,739.58,1.35,35,24.32828947368421,Bajo
2021,Europa,Alemania,31.8,826.62,1.91,78,25.994339622641508,Alto
2020,América del Sur,Brasil,32.6,209.85,3.77,65,6.4371165644171775,Alto
2020,Asia,Japón,16.3,488.62,4.87,81,29.976687116564417,Crítico
2021,Asia,Indonesia,16.1,432.82,4.05,62,26.88322981366459,Alto
2024,Asia,Pakistán,10.8,362.8,2.27,72,33.59259259259259,Alto
2022,África,Kenia,12.5,289.63,3.98,65,23.1704,Alto
2025,América del Norte,Estados Unidos,14.1,239.01,3.84,57,16.951063829787234,Medio
2025,Asia,Japón,17.2,844.29,2.87,42,49.086627906976744,Medio
2022,Europa,Alemania,16.5,188.58,1.29,85,11.42909090909091,Crítico
2020,Oceanía,Australia,19.9,155.17,4.01,68,7.7974874371859295,Alto
2021,Asia,Japón,14.6,295.96,4.0,47,20.27123287671233,Medio
2020,África,Egipto,23.5,857.43,2.93,25,36.486382978723405,Bajo
2020,Europa,Francia,32.5,947.29,1.23,56,29.147384615384613,Medio
2024,América del Sur,Brasil,23.1,411.88,3.72,28,17.83030303030303,Bajo
2024,América del Norte,México,30.5,991.97,3.27,28,32.52360655737705,Bajo
2024,América del Sur,Brasil,16.0,678.09,4.88,33,42.380625,Bajo
2025,América del Norte,Estados Unidos,14.1,134.68,4.73,22,9.55177304964539,Bajo
2023,Asia,Indonesia,24.6,617.35,4.66,69,25.09552845528455,Alto
2020,Oceanía,Australia,34.2,694.54,3.31,61,20.308187134502923,Alto
2025,América del Norte,Estados Unidos,20.8,903.28,1.19,84,43.426923076923075,Crítico
2024,América del Sur,Chile,28.2,658.68,3.48,57,23.357446808510637,Medio
2020,Asia,India,34.5,317.81,2.66,69,9.211884057971014,Alto
2022,África,Nigeria,30.1,545.86,2.18,72,18.134883720930233,Alto
2023,América del Sur,Argentina,28.2,840.73,4.22,85,29.813120567375886,Crítico
2021,Oceanía,Nueva Zelanda,24.6,145.2,4.36,64,5.902439024390243,Alto
2024,América del Sur,Argentina,23.9,997.65,3.63,44,41.74267782426779,Medio
2022,Oceanía,Australia,32.2,606.05,1.67,76,18.82142857142857,Alto
2020,América del Norte,México,19.1,370.13,3.91,68,19.37853403141361,Alto
2024,América del Sur,Brasil,10.2,551.43,4.7,34,54.061764705882354,Bajo
2025,América del Norte,Canadá,25.2,947.29,4.41,84,37.590873015873015,Crítico
2020,Oceanía,Australia,28.1,452.08,4.83,77,16.088256227758006,Alto
2021,Oceanía,Australia,31.9,267.36,2.28,22,8.381191222570534,Bajo
2025,Oceanía,Australia,11.3,143.6,4.47,90,12.70796460176991,Crítico
2022,Asia,Indonesia,18.1,966.79,4.38,51,53.413812154696124,Medio
2023,África,Nigeria,30.7,111.87,3.32,49,3.6439739413680785,Medio
2020,Oceanía,Nueva Zelanda,19.0,262.33,2.29,76,13.806842105263158,Alto
2024,Oceanía,Australia,24.6,519.01,4.99,26,21.097967479674796,Bajo
2021,América del Norte,México,19.7,711.03,2.55,28,36.09289340101523,Bajo
2025,Europa,España,14.9,429.35,3.69,45,28.81543624161074,Medio
2024,Asia,Japón,24.6,838.5,1.13,55,34.08536585365854,Medio
2022,América del Norte,Estados Unidos,23.6,882.52,3.34,53,37.39491525423728,Medio
2025,Asia,Indonesia,19.4,787.35,4.41,82,40.58505154639176,Crítico
2025,América del Sur,Argentina,34.2,499.07,4.78,53,14.592690058479532,Medio
2024,Asia,Japón,28.2,860.98,4.91,30,30.531205673758866,Bajo
2023,Oceanía,Australia,29.2,344.94,2.48,40,11.813013698630137,Bajo
2024,Oceanía,Nueva Zelanda,24.5,280.1,2.08,51,11.43265306122449,Medio
2024,Europa,Italia,12.6,627.42,1.79,42,49.79523809523809,Medio
2024,América del Norte,Canadá,21.8,905.88,4.76,53,41.55412844036697,Medio
2023,América del Sur,Brasil,27.7,825.22,1.21,63,29.791335740072203,Alto
2022,Asia,Japón,11.0,415.02,4.44,82,37.72909090909091,Crítico
2020,América del Sur,Brasil,18.8,188.85,2.61,35,10.045212765957446,Bajo
2023,América del Norte,México,31.9,635.53,2.54,76,19.922570532915362,Alto
2020,América del Sur,Chile,28.4,545.95,3.65,79,19.223591549295776,Alto
2025,Europa,España,11.3,287.34,2.07,23,25.428318584070794,Bajo
2020,Asia,Indonesia,34.7,904.8,2.95,89,26.074927953890487,Crítico
2023,América del Norte,Estados Unidos,11.7,998.92,1.53,39,85.37777777777778,Bajo
2020,América del Sur,Argentina,30.5,271.59,2.41,59,8.904590163934426,Medio
2024,Asia,Japón,23.3,636.96,1.85,85,27.337339055793993,Crítico
2021,Europa,Alemania,25.9,297.22,4.22,58,11.475675675675678,Medio
2023,Oceanía,Australia,33.7,585.16,2.0,87,17.363798219584567,Crítico
2021,África,Kenia,22.3,721.34,3.39,78,32.347085201793725,Alto
2022,Europa,Alemania,13.6,977.0,2.93,70,71.83823529411765,Alto
2021,América del Sur,Brasil,13.5,595.5,1.56,79,44.111111111111114,Alto
2024,Europa,Alemania,10.9,555.08,1.13,49,50.924770642201835,Medio
2020,Oceanía,Australia,19.5,775.75,4.9,47,39.782051282051285,Medio
2025,Oceanía,Nueva Zelanda,23.0,653.44,3.58,60,28.410434782608696,Medio
2020,Europa,España,25.7,577.63,2.86,56,22.475875486381323,Medio
2024,Asia,China,24.7,387.19,1.33,48,15.675708502024293,Medio
2021,Oceanía,Australia,30.0,205.52,2.18,23,6.850666666666667,Bajo
2020,Asia,Pakistán,32.7,228.39,4.65,30,6.984403669724769,Bajo
2021,Asia,Japón,21.5,887.69,4.46,34,41.28790697674419,Bajo
2021,Asia,Indonesia,12.8,957.39,4.04,44,74.79609375,Medio
2024,América del Sur,Argentina,16.2,853.19,1.04,63,52.666049382716054,Alto
2021,América del Norte,Estados Unidos,17.1,427.8,3.64,58,25.01754385964912,Medio
2023,América del Sur,Argentina,14.0,946.73,3.3,78,67.62357142857142,Alto
2020,África,Kenia,10.5,494.77,3.61,73,47.12095238095238,Alto
2022,América del Norte,Canadá,34.7,350.07,3.93,27,10.088472622478385,Bajo
2023,Oceanía,Australia,25.5,811.52,1.38,83,31.824313725490196,Crítico
2022,América del Norte,Canadá,10.4,243.07,3.99,28,23.372115384615384,Bajo
2021,América del Sur,Chile,32.3,866.41,1.43,86,26.823839009287926,Crítico
2021,Oceanía,Nueva Zelanda,30.7,903.38,2.69,31,29.426058631921826,Bajo
2022,África,Kenia,14.6,604.08,2.59,83,41.37534246575343,Crítico
2021,Asia,Pakistán,29.6,316.17,4.96,28,10.681418918918919,Bajo
2023,África,Kenia,34.9,400.87,1.93,84,11.48624641833811,Crítico
2020,América del Norte,México,24.8,992.78,1.94,88,40.031451612903226,Crítico
2022,África,Sudáfrica,21.2,610.7,3.92,37,28.806603773584907,Bajo
2025,América del Sur,Brasil,25.4,239.8,4.71,63,9.440944881889765,Alto
2020,África,Nigeria,16.9,909.93,1.2,48,53.84201183431953,Medio
2021,Europa,Reino Unido,15.7,485.24,1.14,37,30.907006369426753,Bajo
2020,África,Nigeria,22.3,130.43,4.07,28,5.848878923766816,Bajo
2022,Oceanía,Australia,15.7,236.5,1.88,88,15.063694267515924,Crítico
2021,América del Sur,Brasil,12.5,497.99,2.24,76,39.8392,Alto
2022,Asia,China,32.6,781.41,1.3,21,23.96963190184049,Bajo
2024,América del Sur,Chile,29.2,843.19,2.11,88,28.8763698630137,Crítico
2023,Asia,India,17.2,869.37,4.47,36,50.544767441860465,Bajo
2023,Europa,Italia,15.8,290.21,2.7,60,18.367721518987338,Medio
2024,Oceanía,Nueva Zelanda,22.1,364.25,3.06,36,16.481900452488688,Bajo
2022,América del Sur,Brasil,14.9,512.11,3.2,65,34.36979865771812,Alto
2023,África,Nigeria,18.8,757.62,2.85,70,40.29893617021276,Alto
2020,América del Norte,Canadá,27.5,862.15,4.7,30,31.35090909090909,Bajo
2025,Asia,Pakistán,26.9,359.05,1.02,78,13.347583643122677,Alto
2021,Oceanía,Australia,20.3,931.92,4.07,64,45.90738916256157,Alto
2020,África,Egipto,32.0,584.2,4.45,61,18.25625,Alto
2025,América del Norte,México,18.3,382.93,4.47,70,20.92513661202186,Alto
2020,América del Norte,México,20.5,219.24,2.73,76,10.694634146341464,Alto
2021,América del Sur,Chile,32.0,915.49,1.14,43,28.6090625,Medio
2021,Asia,India,27.7,965.65,2.66,24,34.86101083032491,Bajo
2025,Oceanía,Australia,18.5,214.62,5.0,22,11.601081081081082,Bajo
2023,Oceanía,Australia,25.0,367.72,1.76,40,14.708800000000002,Bajo
2025,Europa,Alemania,16.2,865.26,1.95,46,53.41111111111111,Medio
2020,África,Kenia,18.5,259.46,2.58,59,14.024864864864863,Medio
2021,América del Sur,Chile,14.8,504.03,4.05,50,34.056081081081075,Medio
2020,Oceanía,Nueva Zelanda,19.5,865.89,2.08,24,44.40461538461538,Bajo
2025,África,Kenia,28.9,484.03,1.02,28,16.748442906574393,Bajo
2020,Oceanía,Nueva Zelanda,32.4,470.8,2.07,78,14.530864197530866,Alto
2025,América del Sur,Chile,27.3,494.59,4.94,46,18.116849816849815,Medio
2020,Oceanía,Nueva Zelanda,30.1,361.74,1.72,64,12.017940199335548,Alto
2021,América del Norte,México,29.0,560.61,1.89,21,19.33137931034483,Bajo
2020,Oceanía,Australia,14.3,812.8,3.0,67,56.83916083916083,Alto
2025,África,Sudáfrica,28.7,703.38,1.91,90,24.50801393728223,Crítico
2024,América del Sur,Chile,21.8,676.38,3.91,34,31.026605504587156,Bajo
2025,América del Norte,Estados Unidos,14.0,136.92,1.29,80,9.78,Alto
2020,América del Sur,Argentina,34.5,815.47,1.64,26,23.6368115942029,Bajo
2024,Oceanía,Nueva Zelanda,10.5,803.99,3.54,81,76.57047619047619,Crítico
2020,América del Norte,Canadá,31.9,648.09,2.49,70,20.31630094043887,Alto
2022,Oceanía,Australia,32.7,674.91,1.2,42,20.6394495412844,Medio
2020,América del Sur,Argentina,29.4,349.22,1.69,81,11.878231292517007,Crítico
2021,Asia,Indonesia,28.7,816.64,3.07,35,28.454355400696866,Bajo
2022,Oceanía,Nueva Zelanda,20.5,496.31,2.35,64,24.210243902439025,Alto
2022,América del Sur,Brasil,26.3,584.2,3.36,33,22.212927756653993,Bajo
2020,América del Norte,Canadá,19.0,319.47,3.26,62,16.81421052631579,Alto
2023,América del Norte,Estados Unidos,13.2,675.56,4.41,90,51.17878787878788,Crítico
2021,Europa,Francia,19.2,944.72,2.39,21,49.20416666666667,Bajo
2020,América del Norte,México,28.1,378.51,1.53,70,13.470106761565836,Alto
2022,África,Kenia,22.5,748.72,2.74,86,33.276444444444444,Crítico
2022,América del Norte,México,17.3,242.17,1.51,55,13.998265895953756,Medio
2023,América del Sur,Argentina,15.3,620.66,1.4,33,40.56601307189542,Bajo
2022,Oceanía,Nueva Zelanda,31.8,283.96,3.68,71,8.929559748427673,Alto
2025,Asia,India,10.2,476.83,3.79,51,46.748039215686276,Medio
2022,América del Norte,Canadá,19.2,669.91,1.06,84,34.89114583333333,Crítico
2021,Asia,Pakistán,15.9,671.7,4.69,72,42.24528301886792,Alto
2020,América del Sur,Chile,18.6,183.45,2.43,82,9.86290322580645,Crítico
2020,Asia,India,33.5,660.46,1.53,60,19.715223880597016,Medio
2020,Europa,Reino Unido,23.4,488.63,2.57,58,20.88162393162393,Medio
2023,América del Norte,México,17.5,473.44,1.73,25,27.053714285714285,Bajo
2025,Oceanía,Australia,21.2,633.34,4.25,72,29.874528301886794,Alto
2024,América del Norte,Estados Unidos,22.5,845.65,2.72,86,37.58444444444444,Crítico
2022,África,Egipto,14.2,414.1,1.44,60,29.16197183098592,Medio
2023,América del Norte,Canadá,20.2,995.76,2.11,71,49.2950495049505,Alto
2025,América del Norte,México,20.8,837.29,4.91,78,40.25432692307692,Alto
2020,América del Sur,Argentina,27.3,900.59,2.62,82,32.98864468864469,Crítico
2021,Europa,Alemania,18.2,565.19,4.62,84,31.05439560439561,Crítico
2024,América del Norte,México,33.2,861.35,4.16,87,25.944277108433734,Crítico
2021,África,Sudáfrica,18.5,345.19,2.85,33,18.658918918918918,Bajo
2020,Asia,India,34.2,867.62,4.48,67,25.369005847953215,Alto
2020,Oceanía,Australia,20.4,589.86,1.09,41,28.914705882352944,Medio
2023,Oceanía,Australia,27.9,587.08,4.24,86,21.042293906810038,Crítico
2020,Oceanía,Nueva Zelanda,10.9,231.39,1.79,86,21.228440366972475,Crítico
2020,América del Norte,Estados Unidos,21.0,282.45,2.06,39,13.45,Bajo
2021,Europa,Alemania,13.6,644.02,4.17,61,47.35441176470588,Alto
2020,Asia,India,33.2,869.58,1.47,66,26.192168674698795,Alto
2021,Europa,Italia,23.6,727.39,1.6,87,30.821610169491525,Crítico
2023,América del Norte,Canadá,13.2,646.0,2.05,54,48.939393939393945,Medio
2024,Oceanía,Nueva Zelanda,30.9,290.61,3.91,83,9.404854368932039,Crítico
2025,América del Sur,Brasil,26.2,688.38,1.82,41,26.274045801526718,Medio
2024,América del Norte,Estados Unidos,18.4,501.46,2.42,47,27.253260869565217,Medio
2022,Europa,Reino Unido,34.4,743.68,1.96,66,21.61860465116279,Alto
2021,Asia,Pakistán,26.5,378.3,4.63,65,14.275471698113208,Alto
2020,América del Norte,Estados Unidos,14.8,505.41,2.8,59,34.149324324324326,Medio
2024,Europa,Italia,26.1,806.17,3.65,43,30.88773946360153,Medio
2023,América del Sur,Brasil,27.5,207.2,2.69,21,7.534545454545454,Bajo
2020,Europa,Italia,20.8,126.88,1.91,65,6.1,Alto
2025,África,Egipto,30.7,727.44,3.76,70,23.69511400651466,Alto
2025,América del Sur,Chile,19.1,267.89,4.0,37,14.025654450261777,Bajo
2024,Asia,Indonesia,16.1,342.72,3.87,60,21.286956521739132,Medio
2024,Europa,Alemania,22.5,296.26,4.29,24,13.16711111111111,Bajo
2024,Asia,Japón,27.6,239.53,3.22,35,8.678623188405796,Bajo
2023,América del Sur,Brasil,21.1,219.38,4.41,45,10.397156398104265,Medio
2021,América del Norte,Estados Unidos,18.8,702.97,2.03,26,37.39202127659574,Bajo
2021,América del Sur,Argentina,16.9,827.79,3.95,42,48.98165680473373,Medio
2022,Oceanía,Australia,31.2,726.77,1.67,79,23.293910256410257,Alto
2020,Oceanía,Nueva Zelanda,11.4,532.13,3.81,36,46.67807017543859,Bajo
2024,África,Nigeria,31.1,782.85,3.7,33,25.172025723472668,Bajo
2021,África,Kenia,23.5,700.43,3.22,41,29.805531914893614,Medio
2023,Oceanía,Nueva Zelanda,21.4,869.01,1.54,35,40.60794392523365,Bajo
2020,Asia,China,31.8,948.03,2.42,41,29.812264150943395,Medio
2020,África,Nigeria,22.0,867.62,4.81,56,39.43727272727273,Medio
2020,África,Egipto,20.4,664.32,1.95,89,32.564705882352946,Crítico
2025,Oceanía,Australia,26.5,924.88,1.94,38,34.9011320754717,Bajo
2023,América del Sur,Brasil,21.5,354.3,2.95,24,16.47906976744186,Bajo
2023,Oceanía,Australia,17.6,365.6,4.76,84,20.772727272727273,Crítico
2020,América del Sur,Brasil,30.8,574.33,2.06,63,18.647077922077923,Alto
2022,Asia,India,30.3,824.73,2.29,76,27.21881188118812,Alto
2023,África,Sudáfrica,23.6,384.2,3.64,85,16.279661016949152,Crítico
2021,África,Nigeria,10.8,832.79,1.18,24,77.11018518518517,Bajo
2024,Asia,India,34.6,747.35,2.02,26,21.59971098265896,Bajo
2020,Europa,Reino Unido,26.6,665.42,4.07,21,25.015789473684208,Bajo
2022,África,Egipto,20.6,386.84,4.97,21,18.778640776699028,Bajo
2021,Europa,Francia,20.4,300.59,1.0,51,14.734803921568627,Medio
2023,África,Sudáfrica,23.5,724.37,3.48,45,30.824255319148936,Medio
2021,Oceanía,Australia,31.3,124.77,2.4,65,3.9862619808306707,Alto
2023,África,Kenia,17.3,495.56,3.75,88,28.64508670520231,Crítico
2020,Europa,España,24.6,639.12,3.43,90,25.98048780487805,Crítico
2024,África,Nigeria,12.9,785.52,4.36,76,60.89302325581395,Alto
2025,África,Kenia,29.7,210.79,1.6,45,7.097306397306397,Medio
2023,Asia,Japón,24.4,971.29,2.78,28,39.80696721311475,Bajo
2022,América del Sur,Brasil,29.7,972.99,4.88,21,32.760606060606065,Bajo
2022,África,Kenia,28.5,606.5,3.46,90,21.280701754385966,Crítico
2021,Asia,China,21.5,863.54,3.36,89,40.1646511627907,Crítico
2023,América del Sur,Brasil,19.8,656.36,1.14,74,33.14949494949495,Alto
2023,África,Egipto,29.4,217.4,3.8,74,7.394557823129253,Alto
2025,América del Norte,Estados Unidos,17.1,995.36,4.5,80,58.20818713450292,Alto
2023,África,Egipto,19.6,233.23,1.08,62,11.899489795918367,Alto
2024,África,Egipto,14.2,486.01,2.94,84,34.22605633802817,Crítico
2024,América del Sur,Brasil,32.9,745.57,1.39,84,22.661702127659577,Crítico
2021,Oceanía,Australia,22.0,411.53,1.48,42,18.70590909090909,Medio
2024,América del Norte,México,26.8,965.17,4.37,90,36.01380597014925,Crítico
2021,América del Sur,Argentina,17.0,989.24,3.12,77,58.190588235294115,Alto
2024,América del Norte,México,14.2,439.88,1.59,55,30.977464788732394,Medio
2020,Oceanía,Nueva Zelanda,21.8,940.93,1.01,71,43.16192660550458,Alto
2022,Oceanía,Nueva Zelanda,28.8,306.02,3.97,50,10.625694444444443,Medio
2023,América del Norte,México,25.7,136.63,1.92,85,5.316342412451362,Crítico
2022,Oceanía,Australia,12.9,992.69,4.03,47,76.95271317829457,Medio
2024,África,Sudáfrica,28.3,428.95,2.5,83,15.157243816254416,Crítico
2021,África,Nigeria,11.2,490.14,1.81,29,43.7625,Bajo
2020,África,Nigeria,29.7,989.45,1.65,86,33.31481481481482,Crítico
2025,América del Sur,Chile,27.4,392.25,3.02,76,14.315693430656935,Alto
2020,Europa,Alemania,13.4,635.75,1.89,56,47.44402985074627,Medio
2025,África,Egipto,24.5,516.76,2.71,35,21.092244897959183,Bajo
2020,Asia,China,18.2,913.5,3.77,41,50.19230769230769,Medio
2024,Europa,Italia,16.2,966.75,3.87,80,59.67592592592593,Alto
2025,África,Sudáfrica,11.7,178.94,4.97,37,15.294017094017095,Bajo
2023,América del Sur,Brasil,19.3,485.38,3.74,49,25.14922279792746,Medio
2020,América del Norte,México,27.9,423.26,3.37,44,15.170609318996416,Medio
2025,África,Sudáfrica,25.4,646.83,2.57,37,25.465748031496066,Bajo
2023,Europa,Francia,27.0,852.13,1.8,79,31.56037037037037,Alto
2023,Europa,Francia,29.3,200.26,2.8,30,6.834812286689419,Bajo
2025,África,Sudáfrica,32.4,914.83,4.86,74,28.235493827160496,Alto
2025,Oceanía,Nueva Zelanda,19.5,914.66,1.05,85,46.905641025641025,Crítico
2024,África,Sudáfrica,18.0,837.97,2.98,27,46.55388888888889,Bajo
2025,América del Norte,Canadá,22.5,319.33,3.19,34,14.192444444444444,Bajo
2025,América del Norte,Estados Unidos,34.5,920.4,2.13,58,26.678260869565218,Medio
2022,Oceanía,Australia,34.8,862.32,1.45,34,24.77931034482759,Bajo
2025,América del Norte,México,33.8,411.79,2.79,51,12.183136094674557,Medio
2020,Oceanía,Nueva Zelanda,11.8,689.68,2.03,70,58.44745762711864,Alto
2021,Oceanía,Nueva Zelanda,24.8,891.86,1.04,28,35.96209677419355,Bajo
2021,Europa,Italia,13.3,500.39,3.39,68,37.62330827067669,Alto
2024,Europa,Italia,29.1,404.46,4.24,53,13.898969072164947,Medio
2020,Asia,Japón,12.3,824.59,1.87,33,67.03983739837398,Bajo
2023,Oceanía,Nueva Zelanda,24.4,824.05,1.68,61,33.77254098360656,Alto
2024,América del Sur,Brasil,34.2,889.63,4.63,33,26.012573099415203,Bajo
2025,América del Norte,Estados Unidos,23.9,421.35,4.51,56,17.629707112970713,Medio
2022,Asia,Pakistán,20.5,265.45,3.74,46,12.948780487804877,Medio
2020,Oceanía,Nueva Zelanda,12.5,461.93,4.95,44,36.9544,Medio
2020,Asia,China,25.7,207.67,1.5,41,8.080544747081712,Medio
2022,América del Sur,Brasil,17.4,783.36,1.1,52,45.02068965517242,Medio
2024,Oceanía,Australia,26.2,705.89,4.83,81,26.94236641221374,Crítico
2023,Oceanía,Australia,14.7,743.23,1.17,44,50.559863945578236,Medio
2024,África,Sudáfrica,14.8,898.47,1.77,44,60.707432432432434,Medio
2022,África,Sudáfrica,12.8,592.62,1.46,23,46.2984375,Bajo
2024,América del Norte,México,31.3,964.82,3.55,30,30.82492012779553,Bajo
2024,Asia,India,24.9,970.62,2.14,42,38.980722891566266,Medio
2023,América del Norte,México,34.1,349.14,3.92,26,10.238709677419354,Bajo
2023,América del Norte,México,18.2,385.2,2.61,20,21.164835164835164,Bajo
2022,Europa,Reino Unido,15.0,698.69,3.86,88,46.57933333333334,Crítico
2022,Europa,Italia,32.9,731.78,1.42,35,22.24255319148936,Bajo
2025,América del Norte,Canadá,30.9,366.95,3.21,34,11.875404530744337,Bajo
2020,Asia,Pakistán,30.8,298.76,1.81,88,9.7,Crítico
2024,Oceanía,Australia,22.7,342.48,3.71,78,15.087224669603525,Alto
2022,América del Sur,Brasil,25.0,203.62,3.28,32,8.1448,Bajo
2023,América del Sur,Argentina,30.5,361.17,1.47,23,11.841639344262296,Bajo
2025,América del Norte,Estados Unidos,24.0,262.47,2.58,26,10.936250000000001,Bajo
2025,Oceanía,Nueva Zelanda,13.7,963.72,1.26,58,70.34452554744526,Medio
2024,Oceanía,Nueva Zelanda,18.6,933.32,3.98,51,50.178494623655915,Medio
2025,Europa,España,26.4,443.88,3.31,40,16.813636363636363,Bajo
2025,Oceanía,Australia,20.7,737.34,1.22,53,35.620289855072464,Medio
2020,Oceanía,Nueva Zelanda,17.4,547.77,2.65,57,31.481034482758623,Medio
2020,Oceanía,Australia,18.8,285.68,2.76,29,15.195744680851064,Bajo
2023,Europa,Reino Unido,14.0,703.45,2.78,25,50.246428571428574,Bajo
2023,África,Kenia,27.1,894.83,4.45,20,33.019557195571956,Bajo
2025,Oceanía,Nueva Zelanda,19.8,852.98,1.77,27,43.07979797979798,Bajo
2022,Europa,España,30.5,980.58,4.23,79,32.15016393442623,Alto
2022,África,Nigeria,32.2,512.12,4.72,60,15.904347826086955,Medio
2021,Europa,Italia,26.5,741.92,1.75,45,27.99698113207547,Medio
2020,África,Kenia,21.6,742.75,1.22,42,34.38657407407407,Medio
2020,América del Sur,Argentina,10.3,319.41,1.51,77,31.010679611650485,Alto
2021,América del Sur,Brasil,17.0,621.44,2.15,33,36.555294117647065,Bajo
2022,África,Kenia,31.3,492.74,4.32,44,15.742492012779552,Medio
2021,América del Sur,Brasil,21.9,773.55,1.12,25,35.321917808219176,Bajo
2023,Oceanía,Nueva Zelanda,23.8,857.38,2.68,40,36.02436974789916,Bajo
2024,Europa,España,27.0,482.16,3.2,65,17.85777777777778,Alto
2022,Europa,Alemania,12.6,755.44,1.53,71,59.95555555555556,Alto
2021,Europa,Italia,29.8,636.25,1.75,34,21.350671140939596,Bajo
2023,Oceanía,Australia,30.5,367.72,1.34,88,12.056393442622952,Crítico
2021,América del Sur,Argentina,21.5,272.28,3.8,28,12.664186046511627,Bajo
2022,Europa,Alemania,30.4,533.89,1.87,67,17.56217105263158,Alto
2020,América del Norte,Estados Unidos,26.8,706.87,3.8,83,26.375746268656716,Crítico
2024,América del Norte,Canadá,21.3,437.5,4.41,40,20.539906103286384,Bajo
2024,Asia,Pakistán,25.2,673.26,1.77,58,26.71666666666667,Medio
2021,África,Kenia,18.2,826.38,4.75,30,45.40549450549451,Bajo
2024,Oceanía,Australia,13.2,987.78,4.82,30,74.83181818181818,Bajo
2025,África,Kenia,12.2,645.12,3.46,41,52.87868852459017,Medio
2021,Europa,Francia,13.7,945.35,4.05,73,69.0036496350365,Alto
2022,Oceanía,Nueva Zelanda,12.0,113.13,2.57,62,9.4275,Alto
2023,América del Norte,Canadá,30.3,484.69,3.23,72,15.996369636963696,Alto
2021,Oceanía,Nueva Zelanda,25.4,806.8,3.1,27,31.763779527559056,Bajo
2025,Oceanía,Nueva Zelanda,17.5,120.82,1.79,45,6.904,Medio
2021,Oceanía,Nueva Zelanda,34.0,308.84,3.6,37,9.083529411764705,Bajo
2024,África,Kenia,17.1,660.48,3.07,47,38.62456140350877,Medio
2023,América del Sur,Brasil,27.0,487.5,2.88,53,18.055555555555557,Medio
2023,Europa,Reino Unido,22.6,914.14,1.46,61,40.44867256637168,Alto
2023,Asia,Pakistán,18.1,882.91,4.83,56,48.779558011049716,Medio
2022,África,Sudáfrica,22.3,963.01,4.49,86,43.18430493273542,Crítico
2021,África,Nigeria,30.8,838.19,2.47,58,27.213961038961042,Medio
2024,Oceanía,Nueva Zelanda,19.3,842.67,2.27,85,43.66165803108808,Crítico
2024,Oceanía,Nueva Zelanda,24.9,625.4,4.64,66,25.116465863453815,Alto
2023,Europa,Italia,27.0,160.54,2.99,88,5.945925925925926,Crítico
2022,Asia,Indonesia,13.9,776.15,3.05,59,55.83812949640287,Medio
2024,Europa,Reino Unido,19.7,154.93,1.51,39,7.8644670050761425,Bajo
2024,Oceanía,Nueva Zelanda,16.8,297.59,4.42,50,17.713690476190475,Medio
2022,Europa,Italia,20.0,916.13,3.19,75,45.8065,Alto
2023,Oceanía,Australia,31.5,220.06,1.47,26,6.986031746031746,Bajo
2021,América del Norte,México,14.9,121.79,2.1,89,8.173825503355705,Crítico
2025,América del Norte,México,33.3,615.49,2.91,64,18.483183183183186,Alto
2025,América del Norte,Estados Unidos,11.2,597.44,2.72,89,53.34285714285715,Crítico
2021,América del Sur,Chile,11.6,593.76,2.02,27,51.186206896551724,Bajo
2020,América del Sur,Chile,34.0,605.43,1.03,75,17.80676470588235,Alto
2021,América del Norte,México,33.4,657.53,1.53,77,19.686526946107783,Alto
2025,Asia,Pakistán,25.1,642.57,2.09,53,25.600398406374502,Medio
2021,Europa,Reino Unido,28.5,442.87,2.22,78,15.539298245614034,Alto
2021,Asia,India,29.9,762.18,3.73,72,25.49096989966555,Alto
2020,Asia,Japón,27.8,878.38,4.63,77,31.59640287769784,Alto
2025,América del Norte,Canadá,33.3,882.66,2.85,67,26.506306306306307,Alto
2021,América del Sur,Chile,34.6,749.69,2.28,83,21.66734104046243,Crítico
2021,América del Sur,Argentina,29.6,893.5,2.1,82,30.18581081081081,Crítico
2024,Oceanía,Nueva Zelanda,18.8,398.76,1.4,44,21.21063829787234,Medio
2025,África,Kenia,10.6,887.94,1.35,52,83.76792452830189,Medio
2020,África,Nigeria,29.7,610.28,3.25,37,20.548148148148147,Bajo
2021,Europa,Italia,29.8,638.32,3.08,53,21.42013422818792,Medio
2025,Asia,Japón,14.7,341.33,4.69,35,23.219727891156463,Bajo
2020,América del Norte,México,23.1,583.16,4.28,45,25.24502164502164,Medio
2022,Asia,China,31.5,717.03,1.5,32,22.762857142857143,Bajo
2023,Asia,India,32.0,445.65,4.2,57,13.9265625,Medio
2022,Asia,Pakistán,30.7,257.07,2.38,35,8.373615635179153,Bajo
2023,Asia,China,32.9,219.03,2.87,77,6.657446808510638,Alto
2024,América del Norte,Canadá,11.1,265.01,1.44,41,23.874774774774774,Medio
2023,Asia,Japón,10.7,713.93,3.4,47,66.72242990654206,Medio
2020,África,Nigeria,34.4,587.19,4.03,64,17.069476744186048,Alto
2025,América del Norte,México,29.9,597.82,4.29,81,19.99397993311037,Crítico
2020,América del Norte,Canadá,34.4,110.25,4.59,33,3.2049418604651163,Bajo
2021,África,Sudáfrica,28.4,477.39,3.99,28,16.80950704225352,Bajo
2023,África,Sudáfrica,31.6,256.71,1.24,76,8.123734177215189,Alto
2020,África,Egipto,31.2,567.88,3.43,83,18.201282051282053,Crítico
2021,Asia,Japón,24.2,872.07,4.52,77,36.03595041322314,Alto
2025,América del Norte,México,32.2,198.93,2.78,56,6.177950310559006,Medio
2020,Europa,Alemania,29.8,154.2,2.16,85,5.174496644295301,Crítico
2021,África,Sudáfrica,34.6,490.99,1.77,50,14.190462427745665,Medio
2025,América del Norte,Canadá,23.5,803.95,4.21,61,34.21063829787234,Alto
2024,Asia,Pakistán,10.5,955.95,1.29,58,91.04285714285714,Medio
2020,Oceanía,Australia,31.3,216.48,4.15,39,6.9162939297124595,Bajo
2021,Europa,Italia,33.1,449.91,3.14,82,13.592447129909365,Crítico
2025,Oceanía,Australia,16.7,493.04,4.71,87,29.523353293413177,Crítico
2020,América del Sur,Brasil,19.2,563.19,3.61,45,29.332812500000003,Medio
2024,Asia,Japón,28.8,484.43,2.03,44,16.820486111111112,Medio
2020,América del Sur,Chile,30.4,781.84,3.74,79,25.71842105263158,Alto
2020,África,Egipto,19.3,575.09,4.87,35,29.79740932642487,Bajo
2025,África,Kenia,28.5,993.13,1.56,69,34.846666666666664,Alto
2021,África,Nigeria,13.6,214.92,1.29,64,15.802941176470588,Alto
2020,Europa,Francia,16.7,151.87,4.5,31,9.094011976047906,Bajo
2021,Asia,Japón,34.9,219.87,4.17,31,6.300000000000001,Bajo
2024,Asia,China,24.6,887.37,2.85,60,36.071951219512194,Medio
2025,Asia,India,26.7,757.18,1.09,26,28.358801498127338,Bajo
2024,Asia,India,13.3,927.08,1.78,84,69.70526315789473,Crítico
2025,Oceanía,Australia,24.3,152.3,4.63,28,6.267489711934156,Bajo
2023,América del Norte,Canadá,23.8,448.81,1.1,78,18.857563025210084,Alto
2025,América del Sur,Brasil,32.4,159.1,3.83,59,4.910493827160494,Medio
2021,América del Norte,Estados Unidos,14.9,884.45,1.35,20,59.35906040268456,Bajo
2025,Europa,Alemania,12.3,292.85,4.38,84,23.808943089430894,Crítico
2022,Europa,Reino Unido,23.2,976.27,1.8,39,42.08060344827586,Bajo
2025,Europa,España,32.4,473.2,2.08,73,14.604938271604938,Alto
2023,África,Nigeria,21.4,559.31,4.07,63,26.135981308411214,Alto
2021,Oceanía,Nueva Zelanda,33.0,154.38,4.13,85,4.678181818181818,Crítico
2020,Oceanía,Nueva Zelanda,10.4,275.33,2.65,31,26.47403846153846,Bajo
2025,Oceanía,Nueva Zelanda,20.0,916.76,3.19,52,45.838,Medio
2021,Asia,Japón,33.4,349.16,3.11,56,10.453892215568864,Medio
2023,América del Norte,Estados Unidos,19.0,473.02,2.36,84,24.89578947368421,Crítico
2024,América del Sur,Brasil,21.4,483.66,2.53,72,22.600934579439254,Alto
2022,América del Norte,Canadá,27.7,573.55,3.98,49,20.705776173285198,Medio
2023,América del Norte,Canadá,10.4,891.53,2.25,46,85.72403846153846,Medio
2021,Europa,España,11.7,671.33,3.01,31,57.37863247863248,Bajo
2024,Europa,España,10.9,514.39,4.21,21,47.19174311926605,Bajo
2021,Oceanía,Australia,19.8,715.9,2.83,72,36.156565656565654,Alto
2020,Asia,China,30.5,319.63,1.92,60,10.479672131147542,Medio
2024,Oceanía,Australia,34.7,288.68,4.37,25,8.319308357348703,Bajo
2020,América del Sur,Chile,29.4,528.64,1.17,33,17.98095238095238,Bajo
2022,África,Kenia,34.2,126.44,4.3,74,3.6970760233918125,Alto
2020,América del Norte,México,21.4,266.3,3.16,72,12.443925233644862,Alto
2024,Oceanía,Australia,29.6,810.11,4.61,74,27.36858108108108,Alto
2022,Europa,España,12.5,514.85,4.75,51,41.188,Medio
2025,Europa,Reino Unido,20.6,525.09,2.58,35,25.48980582524272,Bajo
2025,África,Kenia,21.1,734.58,4.65,27,34.81421800947867,Bajo
2025,Asia,India,27.4,631.31,4.65,87,23.04051094890511,Crítico
2020,África,Nigeria,14.6,256.8,3.96,41,17.589041095890412,Medio
2025,América del Norte,México,20.9,301.79,3.14,83,14.43971291866029,Crítico
2023,América del Sur,Brasil,10.6,962.48,1.57,86,90.80000000000001,Crítico
2025,Asia,Japón,29.9,525.04,2.83,65,17.559866220735785,Alto
2025,América del Norte,México,18.5,640.89,2.55,80,34.6427027027027,Alto
2020,África,Kenia,34.9,999.55,1.69,28,28.640401146131804,Bajo
2022,África,Egipto,30.1,675.97,3.3,41,22.45747508305648,Medio
2021,América del Sur,Argentina,28.4,928.13,4.35,74,32.6806338028169,Alto
2021,Europa,Alemania,33.2,115.16,1.51,52,3.4686746987951804,Medio
2025,Europa,Francia,25.3,664.16,4.42,66,26.251383399209484,Alto
2021,África,Kenia,21.7,181.7,4.25,30,8.373271889400922,Bajo
2020,América del Sur,Argentina,34.5,805.44,4.15,56,23.34608695652174,Medio
2020,África,Nigeria,10.6,943.75,4.95,66,89.03301886792453,Alto
2025,África,Egipto,26.0,734.34,1.36,23,28.243846153846157,Bajo
2020,América del Norte,Estados Unidos,24.3,219.46,1.69,66,9.03127572016461,Alto
2024,América del Sur,Brasil,12.5,906.57,4.77,36,72.5256,Bajo
2020,Europa,Francia,19.5,561.12,4.33,82,28.775384615384617,Crítico
2022,África,Egipto,13.9,739.58,1.22,90,53.20719424460432,Crítico
2024,África,Sudáfrica,18.2,199.51,1.89,72,10.962087912087911,Alto
2025,América del Norte,Canadá,15.0,980.58,4.87,27,65.372,Bajo
2025,América del Sur,Argentina,20.3,326.87,3.84,67,16.101970443349753,Alto
2025,África,Sudáfrica,31.7,601.8,1.82,45,18.984227129337537,Medio
2022,Oceanía,Australia,21.6,459.16,2.77,30,21.257407407407406,Bajo
2024,Asia,Japón,23.0,683.6,3.73,38,29.721739130434784,Bajo
2023,Asia,China,31.6,456.77,3.9,42,14.454746835443038,Medio
2024,América del Sur,Brasil,27.8,149.78,4.26,72,5.3877697841726615,Alto
2023,América del Sur,Argentina,10.2,583.16,3.19,39,57.17254901960784,Bajo
2024,América del Norte,México,16.1,707.85,2.88,52,43.96583850931677,Medio
2021,África,Kenia,17.7,382.23,3.37,73,21.59491525423729,Alto
2025,América del Norte,Canadá,32.6,397.16,2.21,66,12.18282208588957,Alto
2024,África,Nigeria,26.5,557.87,4.16,68,21.051698113207546,Alto
2023,Asia,Pakistán,18.2,435.79,1.68,74,23.944505494505496,Alto
2023,América del Norte,México,32.3,515.32,2.56,75,15.95417956656347,Alto
2022,Asia,India,10.8,754.96,2.75,40,69.9037037037037,Bajo
2023,Asia,India,23.1,925.21,1.37,52,40.05238095238095,Medio
2025,Europa,Reino Unido,28.6,578.66,2.5,49,20.23286713286713,Medio
2024,América del Norte,Canadá,13.4,313.78,3.97,66,23.41641791044776,Alto
2024,Europa,Italia,10.7,242.5,3.22,76,22.66355140186916,Alto
2022,América del Sur,Chile,10.6,512.05,1.21,26,48.306603773584904,Bajo
2025,Asia,Japón,16.6,729.88,3.02,45,43.968674698795176,Medio
2020,Asia,China,31.0,843.58,3.87,71,27.21225806451613,Alto
2022,África,Sudáfrica,28.5,525.3,3.71,62,18.43157894736842,Alto
2021,América del Sur,Argentina,33.8,632.28,1.88,56,18.706508875739647,Medio
2022,América del Norte,México,26.5,352.86,4.04,65,13.315471698113209,Alto
2022,África,Egipto,28.4,415.31,4.11,84,14.623591549295776,Crítico
2025,América del Sur,Chile,19.3,180.95,3.81,68,9.375647668393782,Alto
2025,Europa,Reino Unido,11.2,533.62,2.48,56,47.64464285714286,Medio
2023,Europa,Francia,15.8,129.76,4.66,43,8.2126582278481,Medio
2023,Europa,Reino Unido,27.0,430.45,4.84,50,15.942592592592591,Medio
2020,América del Sur,Argentina,34.9,516.15,1.2,28,14.789398280802292,Bajo
2021,América del Norte,México,15.5,982.45,3.8,22,63.38387096774194,Bajo
2022,América del Norte,México,14.6,494.1,2.97,63,33.84246575342466,Alto
2025,Oceanía,Australia,26.0,655.88,3.8,71,25.226153846153846,Alto
2022,América del Norte,Estados Unidos,24.1,637.15,1.81,46,26.43775933609958,Medio
2021,Asia,Pakistán,26.5,173.47,2.72,73,6.5460377358490565,Alto
2025,Asia,Indonesia,17.6,889.43,1.84,81,50.53579545454545,Crítico
2020,África,Sudáfrica,25.2,775.8,1.6,27,30.785714285714285,Bajo
2022,Oceanía,Nueva Zelanda,33.8,785.69,3.95,72,23.24526627218935,Alto
2021,América del Norte,Estados Unidos,10.4,551.51,4.23,32,53.02980769230769,Bajo
2021,Asia,China,10.7,282.93,2.5,29,26.442056074766356,Bajo
2023,Oceanía,Australia,22.2,338.79,4.52,65,15.260810810810812,Alto
2020,América del Sur,Argentina,23.2,413.46,3.42,29,17.82155172413793,Bajo
2021,Europa,España,26.7,393.84,4.17,52,14.750561797752809,Medio
2020,Asia,India,10.6,722.23,3.92,70,68.13490566037736,Alto
2025,África,Sudáfrica,16.7,216.09,4.11,82,12.939520958083833,Crítico
2023,Europa,Alemania,28.4,741.42,1.02,86,26.106338028169013,Crítico
2022,América del Sur,Brasil,35.0,945.93,3.1,60,27.026571428571426,Medio
2022,América del Norte,México,23.5,780.97,4.91,59,33.23276595744681,Medio
2022,América del Sur,Argentina,15.8,198.4,4.06,47,12.556962025316455,Medio
2024,África,Nigeria,30.7,139.81,2.79,41,4.554071661237785,Medio
2021,África,Egipto,10.8,700.0,3.6,76,64.81481481481481,Alto
2020,América del Norte,Canadá,31.4,771.84,2.75,39,24.580891719745225,Bajo
2023,América del Sur,Brasil,24.6,353.4,4.72,35,14.365853658536583,Bajo
2024,África,Sudáfrica,11.3,569.43,4.46,48,50.39203539823008,Medio
2023,Oceanía,Australia,28.7,828.97,1.02,25,28.88397212543554,Bajo
2022,Oceanía,Nueva Zelanda,18.2,979.47,1.53,34,53.81703296703297,Bajo
2020,Europa,Francia,35.0,256.44,1.24,62,7.3268571428571425,Alto
2021,Europa,Francia,13.6,153.67,4.54,58,11.299264705882353,Medio
2023,África,Kenia,24.6,571.3,3.72,35,23.223577235772353,Bajo
2021,África,Sudáfrica,17.6,661.0,4.73,22,37.55681818181818,Bajo
2022,Europa,España,29.8,203.72,1.87,47,6.836241610738255,Medio
2023,África,Egipto,28.2,467.0,4.81,80,16.56028368794326,Alto
2021,América del Norte,Canadá,20.9,859.56,1.24,23,41.127272727272725,Bajo
2023,África,Kenia,33.5,534.2,2.82,85,15.94626865671642,Crítico
2022,África,Egipto,18.7,992.86,2.28,50,53.09411764705882,Medio
2020,Europa,Reino Unido,28.3,345.4,1.87,41,12.20494699646643,Medio
2021,Oceanía,Australia,17.1,813.41,1.21,72,47.567836257309935,Alto
2023,Oceanía,Australia,30.4,274.56,4.54,87,9.031578947368422,Crítico
2025,Asia,India,24.7,255.86,3.12,87,10.358704453441296,Crítico
2023,Asia,Pakistán,15.8,163.62,2.54,26,10.355696202531645,Bajo
2021,Asia,Japón,17.0,156.45,3.83,90,9.202941176470588,Crítico
2024,Oceanía,Nueva Zelanda,22.1,606.08,1.43,66,27.42443438914027,Alto
2025,Europa,Italia,24.0,802.75,4.65,65,33.447916666666664,Alto
2023,Asia,Indonesia,24.1,475.68,2.89,43,19.737759336099582,Medio
2024,Asia,China,25.5,327.8,3.81,26,12.854901960784314,Bajo
2023,Oceanía,Australia,18.6,640.31,4.31,73,34.4252688172043,Alto
2023,Europa,Francia,23.4,468.57,1.74,83,20.024358974358975,Crítico
2022,Europa,Reino Unido,17.2,794.65,2.44,47,46.20058139534884,Medio
2021,América del Norte,Canadá,17.3,305.24,3.08,74,17.64393063583815,Alto
2025,América del Sur,Argentina,17.4,385.41,4.11,27,22.150000000000002,Bajo
2024,Oceanía,Australia,29.9,288.89,3.51,65,9.661872909698996,Alto
2023,Asia,China,12.7,361.27,4.11,70,28.446456692913387,Alto
2025,África,Kenia,28.2,162.03,3.3,74,5.745744680851064,Alto
2024,África,Nigeria,15.7,125.5,1.84,36,7.993630573248408,Bajo
2024,Europa,Reino Unido,16.2,211.83,1.42,68,13.075925925925928,Alto
2022,Oceanía,Australia,29.7,490.94,2.81,71,16.52996632996633,Alto
2023,América del Sur,Chile,20.6,533.6,2.7,42,25.902912621359224,Medio
2024,Oceanía,Australia,14.3,251.82,4.08,40,17.60979020979021,Bajo
2024,América del Sur,Brasil,18.5,789.42,3.26,71,42.67135135135135,Alto
2024,América del Sur,Brasil,17.0,213.85,1.93,60,12.579411764705881,Medio
2020,Oceanía,Nueva Zelanda,15.8,443.09,2.19,66,28.043670886075947,Alto
2023,Asia,Pakistán,31.4,744.67,4.31,54,23.715605095541402,Medio
2025,Asia,Japón,14.7,709.12,4.0,82,48.23945578231293,Crítico
2021,África,Egipto,28.0,166.44,4.29,31,5.944285714285714,Bajo
2021,Oceanía,Australia,21.3,835.08,1.06,26,39.205633802816905,Bajo
2023,Asia,Pakistán,15.6,890.35,2.17,72,57.07371794871795,Alto
2023,Oceanía,Australia,20.3,138.35,3.52,63,6.815270935960591,Alto
2021,Oceanía,Nueva Zelanda,21.7,109.56,5.0,37,5.048847926267281,Bajo
2022,América del Norte,Canadá,27.3,524.52,4.41,82,19.213186813186812,Crítico
2023,África,Kenia,23.4,628.58,4.0,66,26.862393162393165,Alto
2022,Europa,Francia,21.8,791.88,3.52,31,36.324770642201834,Bajo
2023,Asia,Japón,11.5,274.93,2.52,76,23.90695652173913,Alto
2021,América del Sur,Chile,17.7,857.78,3.15,20,48.46214689265537,Bajo
2022,África,Kenia,22.0,285.23,1.44,33,12.965000000000002,Bajo
2024,América del Sur,Chile,15.9,986.19,4.63,73,62.0245283018868,Alto
2022,Europa,España,24.1,726.83,2.67,20,30.158921161825727,Bajo
2025,Asia,Pakistán,26.3,723.0,1.48,60,27.490494296577946,Medio
2022,América del Norte,México,26.5,843.87,4.53,25,31.844150943396226,Bajo
2025,Europa,Reino Unido,25.7,595.25,4.85,61,23.16147859922179,Alto
2022,América del Sur,Chile,16.0,468.21,2.18,46,29.263125,Medio
2021,África,Sudáfrica,23.2,328.0,1.49,87,14.13793103448276,Crítico
2022,Europa,Italia,16.0,462.5,3.99,86,28.90625,Crítico
2025,Europa,Francia,27.5,438.56,1.71,24,15.947636363636363,Bajo
2025,África,Egipto,26.1,398.66,4.41,73,15.274329501915709,Alto
2021,América del Norte,Estados Unidos,18.1,696.11,1.32,37,38.459116022099444,Bajo
2024,Oceanía,Nueva Zelanda,27.4,287.74,1.17,78,10.5014598540146,Alto
2023,Asia,Japón,25.4,486.94,2.44,30,19.170866141732283,Bajo
2021,América del Norte,México,16.1,758.04,2.8,36,47.08322981366459,Bajo
2024,Asia,India,15.3,247.55,3.88,21,16.179738562091504,Bajo
2023,Oceanía,Australia,34.3,127.99,2.45,83,3.7314868804664725,Crítico
2021,América del Norte,Canadá,10.7,841.55,4.92,26,78.64953271028037,Bajo
2023,Europa,Reino Unido,30.6,993.53,4.31,54,32.46830065359477,Medio
2021,África,Kenia,24.4,668.23,1.16,36,27.386475409836066,Bajo
2023,África,Nigeria,33.4,114.08,3.21,89,3.415568862275449,Crítico
2023,Asia,Indonesia,25.9,449.78,1.92,53,17.366023166023165,Medio
2023,Asia,Pakistán,16.0,106.81,2.07,58,6.675625,Medio
2021,Asia,Japón,24.0,830.7,3.5,81,34.612500000000004,Crítico
2023,América del Sur,Argentina,34.0,205.04,3.61,35,6.030588235294117,Bajo
2025,Asia,China,26.9,746.81,4.02,36,27.762453531598513,Bajo
2023,Oceanía,Nueva Zelanda,12.2,784.91,2.62,60,64.33688524590164,Medio
2024,América del Norte,México,13.0,150.94,1.19,65,11.61076923076923,Alto
2020,América del Sur,Argentina,16.6,292.44,2.13,47,17.616867469879516,Medio
2022,América del Norte,Canadá,11.9,694.6,1.96,20,58.36974789915966,Bajo
2022,África,Kenia,15.3,371.74,2.4,53,24.29673202614379,Medio
2024,América del Norte,Estados Unidos,27.3,810.55,1.36,59,29.69047619047619,Medio
2022,Oceanía,Australia,27.1,592.03,4.53,20,21.846125461254612,Bajo
2025,Europa,Francia,11.0,141.75,3.31,77,12.886363636363637,Alto
2020,América del Sur,Argentina,22.1,894.35,3.9,85,40.4683257918552,Crítico
2024,Asia,China,18.6,112.24,3.11,62,6.0344086021505365,Alto
2021,Oceanía,Nueva Zelanda,17.1,974.67,4.18,45,56.99824561403508,Medio
2021,América del Sur,Chile,34.1,396.02,4.14,81,11.613489736070381,Crítico
2023,Oceanía,Australia,15.0,575.23,4.07,56,38.34866666666667,Medio
2023,Oceanía,Nueva Zelanda,20.0,202.82,4.52,58,10.141,Medio
2024,América del Sur,Chile,17.3,451.48,2.72,64,26.097109826589595,Alto
2024,Europa,Reino Unido,25.9,929.46,4.68,67,35.88648648648649,Alto
2023,América del Sur,Brasil,34.1,779.7,1.51,43,22.86510263929619,Medio
2021,América del Norte,Canadá,18.3,860.83,1.47,40,47.039890710382515,Bajo
2024,África,Nigeria,17.9,180.73,4.4,47,10.096648044692738,Medio
2020,América del Sur,Chile,33.0,201.45,4.03,42,6.1045454545454545,Medio
2024,África,Sudáfrica,28.6,238.65,2.55,62,8.344405594405595,Alto
2023,África,Nigeria,34.0,977.94,1.71,53,28.76294117647059,Medio
2022,Oceanía,Nueva Zelanda,19.3,290.34,3.74,30,15.043523316062174,Bajo
2021,África,Kenia,22.3,641.15,4.32,42,28.751121076233183,Medio
2025,América del Sur,Argentina,15.7,740.71,4.86,40,47.178980891719746,Bajo
2020,América del Norte,México,21.7,517.53,1.24,49,23.84930875576037,Medio
2025,África,Sudáfrica,12.1,433.35,4.35,41,35.81404958677686,Medio
2024,América del Sur,Brasil,20.9,837.44,2.52,84,40.06889952153111,Crítico
2021,Asia,Indonesia,14.5,182.4,4.58,87,12.579310344827586,Crítico
2021,África,Egipto,10.2,238.93,3.41,29,23.42450980392157,Bajo
2023,América del Sur,Argentina,21.5,256.01,2.62,22,11.907441860465116,Bajo
2020,África,Egipto,10.4,703.08,1.21,80,67.60384615384615,Alto
2025,Asia,Pakistán,19.9,231.51,2.98,90,11.633668341708542,Crítico
2020,Oceanía,Nueva Zelanda,20.6,933.4,1.61,79,45.31067961165048,Alto
2021,África,Kenia,29.5,857.21,1.43,50,29.057966101694916,Medio
2020,América del Sur,Argentina,28.7,492.21,2.95,82,17.150174216027875,Crítico
2020,Europa,Reino Unido,16.5,587.12,3.02,56,35.583030303030306,Medio
2025,África,Sudáfrica,18.8,608.75,3.99,89,32.38031914893617,Crítico
2020,Oceanía,Nueva Zelanda,23.3,571.04,4.78,83,24.508154506437766,Crítico
2022,América del Sur,Argentina,21.2,598.22,1.68,74,28.21792452830189,Alto
2022,África,Egipto,28.1,998.76,3.2,56,35.54306049822064,Medio
2021,América del Norte,Canadá,27.5,324.11,3.95,46,11.785818181818183,Medio
2020,Oceanía,Australia,26.1,282.15,2.41,42,10.810344827586205,Medio
2021,África,Sudáfrica,34.5,780.77,3.08,88,22.63101449275362,Crítico
2021,América del Norte,México,34.6,204.71,3.72,77,5.916473988439306,Alto
2021,Europa,España,27.7,325.79,2.41,49,11.761371841155235,Medio
2021,Asia,Pakistán,28.9,367.23,2.81,41,12.706920415224914,Medio
2021,América del Norte,Estados Unidos,12.2,628.64,3.26,37,51.527868852459015,Bajo
2023,Europa,Reino Unido,27.3,562.55,2.57,25,20.606227106227102,Bajo
2020,Asia,India,29.3,369.97,2.84,49,12.626962457337884,Medio
2020,África,Kenia,12.7,598.08,1.23,28,47.092913385826776,Bajo
2025,América del Norte,México,18.5,494.39,3.99,80,26.723783783783784,Alto
2025,América del Sur,Argentina,23.7,787.72,4.1,58,33.23713080168777,Medio
2025,Asia,Pakistán,14.8,764.64,2.38,81,51.66486486486486,Crítico
2020,África,Kenia,11.4,918.33,1.36,70,80.55526315789474,Alto
2020,África,Egipto,21.4,294.14,2.57,39,13.744859813084112,Bajo
2021,América del Norte,Canadá,22.2,973.73,4.6,23,43.86171171171171,Bajo
2023,América del Norte,Canadá,24.4,469.47,1.38,68,19.240573770491807,Alto
2024,América del Norte,Estados Unidos,24.4,991.23,1.82,66,40.62418032786886,Alto
2025,Europa,España,10.1,642.43,4.58,35,63.6069306930693,Bajo
2021,Oceanía,Australia,19.7,561.29,2.32,53,28.49187817258883,Medio
2024,África,Nigeria,15.3,701.94,4.91,80,45.878431372549024,Alto
2021,Asia,India,17.3,521.75,4.31,89,30.158959537572255,Crítico
2024,Oceanía,Australia,19.7,348.96,4.84,55,17.713705583756344,Medio
2021,América del Sur,Chile,27.9,656.58,1.01,30,23.533333333333335,Bajo
2025,Europa,Alemania,29.8,845.2,4.42,25,28.36241610738255,Bajo
2021,América del Norte,Canadá,29.0,515.77,1.09,50,17.785172413793102,Medio
2025,Oceanía,Australia,20.7,349.67,1.53,59,16.892270531400968,Medio
2025,Europa,Francia,14.7,810.43,3.59,60,55.1312925170068,Medio
2023,Europa,Italia,10.1,305.17,2.61,79,30.214851485148518,Alto
2025,Europa,Reino Unido,31.8,337.93,4.4,37,10.626729559748428,Bajo
2020,América del Norte,Canadá,15.2,642.52,1.14,61,42.27105263157895,Alto
2021,África,Kenia,30.1,451.97,4.1,24,15.0156146179402,Bajo
2021,América del Norte,Estados Unidos,14.4,931.95,4.25,90,64.71875,Crítico
2024,África,Sudáfrica,11.1,194.18,2.22,72,17.493693693693693,Alto
2021,América del Norte,Canadá,23.1,202.26,3.89,51,8.755844155844155,Medio
2024,América del Sur,Brasil,29.4,547.68,4.89,35,18.628571428571426,Bajo
2024,América del Norte,México,10.9,376.82,2.15,70,34.57064220183486,Alto
2021,América del Sur,Brasil,34.9,796.02,3.47,25,22.80859598853868,Bajo
2022,Oceanía,Australia,12.5,391.58,1.98,83,31.3264,Crítico
2022,Europa,Italia,15.2,392.01,2.78,79,25.79013157894737,Alto
2024,Asia,Indonesia,19.1,788.17,2.02,76,41.26544502617801,Alto
2020,Oceanía,Australia,25.0,129.8,4.09,35,5.192,Bajo
2021,Europa,Italia,14.0,475.59,2.54,76,33.97071428571429,Alto
2021,África,Sudáfrica,10.5,755.4,4.45,21,71.94285714285714,Bajo
2023,América del Sur,Brasil,20.8,615.52,2.5,64,29.592307692307692,Alto
2025,América del Norte,Estados Unidos,32.5,482.35,3.37,55,14.841538461538462,Medio
2024,Asia,India,18.8,159.6,3.37,65,8.48936170212766,Alto
2020,Asia,Japón,19.5,968.76,2.07,80,49.68,Alto
2024,América del Norte,México,34.6,244.98,4.81,43,7.080346820809248,Medio
2021,América del Sur,Chile,27.4,696.05,3.19,27,25.403284671532845,Bajo
2021,Europa,España,21.1,929.31,1.65,73,44.0431279620853,Alto
2022,África,Nigeria,10.1,418.42,1.63,84,41.42772277227723,Crítico
2023,América del Sur,Chile,25.2,343.62,4.09,24,13.635714285714286,Bajo
2022,América del Norte,México,11.7,561.45,3.13,78,47.987179487179496,Alto
2020,África,Sudáfrica,29.9,696.27,2.88,47,23.286622073578595,Medio
2024,Asia,Pakistán,10.8,806.69,3.42,88,74.69351851851852,Crítico
2022,Asia,India,16.0,746.69,2.56,25,46.668125,Bajo
2024,Europa,Italia,28.5,104.77,2.41,50,3.676140350877193,Medio
2020,Asia,Indonesia,26.1,134.79,3.65,47,5.1643678160919535,Medio
2025,Oceanía,Nueva Zelanda,14.5,919.9,2.81,80,63.44137931034483,Alto
2021,Europa,Reino Unido,32.9,556.21,2.32,89,16.906079027355624,Crítico
2022,América del Norte,Estados Unidos,31.3,129.04,4.42,69,4.122683706070287,Alto
2025,América del Norte,Estados Unidos,34.2,334.87,2.04,43,9.791520467836257,Medio
2022,Europa,Francia,28.3,405.61,1.44,55,14.332508833922262,Medio
2023,Europa,Italia,14.0,382.36,3.39,25,27.31142857142857,Bajo
2023,África,Nigeria,29.9,531.98,1.61,28,17.791973244147158,Bajo
2020,Oceanía,Australia,27.9,296.62,2.38,88,10.631541218637993,Crítico
2023,Oceanía,Australia,13.0,344.62,1.5,61,26.50923076923077,Alto
2024,Asia,China,30.6,802.88,2.96,56,26.237908496732025,Medio
2023,Asia,Pakistán,10.8,835.77,1.89,82,77.3861111111111,Crítico
2024,África,Egipto,35.0,572.47,2.49,55,16.356285714285715,Medio
2023,África,Egipto,13.4,220.58,4.72,74,16.46119402985075,Alto
2020,África,Egipto,17.0,267.65,4.25,64,15.744117647058822,Alto
2025,América del Sur,Chile,15.2,175.51,2.9,76,11.54671052631579,Alto
2020,Oceanía,Nueva Zelanda,26.3,902.83,1.86,23,34.32813688212928,Bajo
2023,Asia,China,24.6,855.05,4.17,82,34.758130081300806,Crítico
2022,Europa,Alemania,11.2,337.38,4.59,35,30.123214285714287,Bajo
2022,Asia,India,20.0,670.78,1.37,36,33.539,Bajo
2023,Oceanía,Nueva Zelanda,32.4,486.55,3.77,71,15.016975308641976,Alto
2021,Europa,Francia,27.1,961.9,4.57,33,35.494464944649444,Bajo
2023,Oceanía,Nueva Zelanda,28.3,726.88,2.94,61,25.684805653710246,Alto
2025,Oceanía,Nueva Zelanda,20.7,320.97,4.9,65,15.505797101449277,Alto
2022,Asia,Indonesia,25.5,834.13,1.08,28,32.71098039215686,Bajo
2020,Oceanía,Nueva Zelanda,17.3,111.35,3.75,20,6.4364161849710975,Bajo
2024,Oceanía,Australia,32.1,727.67,2.37,45,22.66884735202492,Medio
2022,América del Sur,Brasil,18.7,151.94,1.78,70,8.125133689839572,Alto
2022,Europa,España,20.0,118.24,1.9,67,5.912,Alto
2021,Asia,China,26.1,596.64,4.39,79,22.859770114942528,Alto
2021,Asia,Japón,25.9,689.26,3.1,80,26.612355212355215,Alto
2025,América del Norte,Estados Unidos,26.6,809.12,4.56,37,30.418045112781954,Bajo
2021,Oceanía,Nueva Zelanda,24.7,353.49,3.6,77,14.311336032388665,Alto
2023,África,Kenia,10.4,731.07,1.38,77,70.2951923076923,Alto
2020,Asia,Japón,21.8,635.32,2.92,45,29.14311926605505,Medio
2021,África,Sudáfrica,21.7,626.44,1.18,59,28.868202764976964,Medio
2025,Asia,Pakistán,16.2,555.17,3.13,61,34.269753086419755,Alto
2025,Europa,Alemania,24.4,552.48,1.9,34,22.642622950819675,Bajo
2020,Europa,Italia,31.6,349.9,1.82,80,11.072784810126581,Alto
2021,América del Sur,Brasil,18.4,856.19,3.24,64,46.53206521739131,Alto
2022,Asia,China,23.9,710.85,1.93,38,29.742677824267783,Bajo
2023,América del Sur,Argentina,21.1,864.21,2.64,63,40.95781990521327,Alto
2022,América del Norte,México,16.6,361.96,2.97,52,21.804819277108432,Medio
2020,Oceanía,Australia,26.5,505.9,3.76,26,19.090566037735847,Bajo
2025,América del Sur,Brasil,11.6,170.02,3.24,56,14.65689655172414,Medio
2023,Asia,China,27.2,197.32,4.11,53,7.254411764705882,Medio
2025,Europa,España,28.4,609.87,3.31,63,21.47429577464789,Alto
2022,África,Egipto,27.9,703.02,4.19,41,25.197849462365593,Medio
2021,Europa,Reino Unido,33.6,566.76,4.16,44,16.86785714285714,Medio
2021,Oceanía,Nueva Zelanda,19.1,561.56,4.29,77,29.401047120418845,Alto
2023,Europa,Italia,30.4,115.77,2.35,75,3.8082236842105264,Alto
2023,Europa,Francia,20.6,188.87,1.96,75,9.168446601941747,Alto
2023,Europa,España,15.6,235.08,1.9,54,15.06923076923077,Medio
2021,Oceanía,Australia,15.7,254.61,4.36,65,16.2171974522293,Alto
2022,África,Sudáfrica,19.7,843.47,4.48,86,42.81573604060914,Crítico
2025,Oceanía,Australia,15.9,766.05,2.58,68,48.179245283018865,Alto
2020,Europa,Reino Unido,18.6,658.11,1.09,47,35.38225806451613,Medio
2025,América del Norte,México,27.9,236.41,1.84,75,8.473476702508961,Alto
2024,Asia,India,11.4,440.47,3.38,72,38.637719298245614,Alto
2022,Oceanía,Australia,22.8,696.02,3.5,86,30.52719298245614,Crítico
2020,Asia,Japón,21.5,494.33,1.39,34,22.992093023255812,Bajo
2020,América del Sur,Brasil,15.1,194.75,3.52,90,12.897350993377485,Crítico
2023,Europa,Alemania,30.9,720.81,1.99,36,23.327184466019418,Bajo
2020,Europa,Reino Unido,15.0,148.74,4.09,33,9.916,Bajo
2021,Europa,Francia,15.5,750.44,2.11,66,48.41548387096775,Alto
2024,América del Sur,Brasil,34.9,389.6,2.71,89,11.163323782234958,Crítico
2025,América del Norte,México,12.8,791.62,3.78,37,61.8453125,Bajo
2020,América del Norte,Estados Unidos,12.2,436.73,2.92,77,35.79754098360656,Alto
2024,África,Sudáfrica,31.6,299.9,4.52,39,9.490506329113924,Bajo
2021,Oceanía,Nueva Zelanda,30.6,555.78,3.3,57,18.162745098039213,Medio
2020,América del Norte,Canadá,22.6,941.34,3.14,88,41.65221238938053,Crítico
2021,Oceanía,Nueva Zelanda,22.4,970.29,2.39,52,43.316517857142856,Medio
2022,Oceanía,Nueva Zelanda,15.9,534.46,3.89,30,33.61383647798742,Bajo
2020,Asia,Pakistán,28.3,685.47,3.38,20,24.221554770318022,Bajo
2021,América del Sur,Argentina,21.4,353.11,4.2,25,16.500467289719627,Bajo
2020,América del Norte,Estados Unidos,23.7,371.76,2.98,90,15.686075949367089,Crítico
2023,Europa,Reino Unido,34.0,455.21,3.08,78,13.388529411764706,Alto
2020,Oceanía,Australia,26.0,312.25,4.37,64,12.009615384615385,Alto
2022,Europa,Italia,11.4,234.62,4.32,71,20.580701754385963,Alto
2024,Oceanía,Australia,27.1,337.32,4.9,51,12.447232472324723,Medio
2023,Europa,Italia,19.6,601.21,1.79,43,30.673979591836734,Medio
2025,América del Sur,Chile,22.4,819.06,4.28,53,36.56517857142857,Medio
2021,América del Sur,Argentina,16.4,152.18,3.18,43,9.279268292682929,Medio
2023,Oceanía,Nueva Zelanda,18.2,517.2,4.75,67,28.41758241758242,Alto
2020,Asia,Indonesia,33.8,896.64,2.88,65,26.527810650887577,Alto
2021,Asia,Japón,12.1,642.52,2.47,78,53.10082644628099,Alto
2020,Europa,Reino Unido,26.6,862.22,1.65,66,32.41428571428571,Alto
2023,Europa,Francia,18.8,820.75,2.34,41,43.65691489361702,Medio
2020,Oceanía,Australia,30.9,140.09,3.26,73,4.533656957928803,Alto
2023,Europa,España,10.9,469.6,2.01,38,43.08256880733945,Bajo
2023,Oceanía,Nueva Zelanda,11.6,403.08,2.5,81,34.748275862068965,Crítico
2022,América del Sur,Brasil,31.8,625.08,2.33,30,19.656603773584905,Bajo
2023,América del Sur,Argentina,19.6,485.24,1.51,41,24.757142857142856,Medio
2025,Oceanía,Australia,16.6,119.75,1.54,37,7.2138554216867465,Bajo
2023,América del Norte,México,34.6,131.11,2.79,79,3.789306358381503,Alto
2020,América del Sur,Brasil,25.2,716.65,1.97,87,28.438492063492063,Crítico
2024,Oceanía,Australia,24.7,808.7,3.77,80,32.740890688259114,Alto
2020,América del Sur,Chile,19.5,481.91,1.85,35,24.713333333333335,Bajo
2023,Oceanía,Nueva Zelanda,23.1,771.2,4.44,47,33.38528138528139,Medio
2023,África,Kenia,30.3,853.22,3.51,81,28.159075907590758,Crítico
2025,Oceanía,Australia,33.7,152.15,2.83,64,4.514836795252226,Alto
2021,Oceanía,Australia,22.9,432.97,3.04,67,18.90698689956332,Alto
2025,África,Kenia,25.1,910.04,2.88,61,36.25657370517928,Alto
2020,América del Norte,México,14.0,849.39,1.99,34,60.67071428571428,Bajo
2025,Oceanía,Nueva Zelanda,34.1,677.78,4.71,79,19.87624633431085,Alto
2021,Oceanía,Nueva Zelanda,31.9,741.45,3.96,67,23.242946708463954,Alto
2022,Oceanía,Australia,16.6,259.24,4.79,42,15.616867469879518,Medio
2024,Oceanía,Australia,19.4,916.0,2.8,47,47.21649484536083,Medio
2023,África,Egipto,21.2,334.27,3.24,63,15.76745283018868,Alto
2024,Europa,España,14.8,773.98,1.47,64,52.295945945945945,Alto
2024,América del Sur,Brasil,17.0,633.04,4.35,40,37.237647058823526,Bajo
2023,África,Egipto,34.3,704.94,1.27,90,20.552186588921288,Crítico
2023,América del Norte,Canadá,19.9,106.86,2.31,72,5.369849246231156,Alto
2021,África,Nigeria,32.3,584.37,4.89,39,18.091950464396287,Bajo
2022,América del Norte,Estados Unidos,21.9,517.66,1.58,59,23.63744292237443,Medio
2025,Europa,Reino Unido,16.5,133.76,2.92,49,8.106666666666666,Medio
2023,África,Nigeria,13.8,526.4,4.56,76,38.14492753623188,Alto
2025,Europa,Italia,13.1,948.38,2.06,83,72.39541984732824,Crítico
2023,Europa,Alemania,34.2,424.57,2.76,90,12.414327485380115,Crítico
2025,Asia,India,12.6,474.19,2.19,22,37.634126984126986,Bajo
2020,Oceanía,Nueva Zelanda,10.8,902.03,3.08,68,83.52129629629628,Alto
2022,Europa,Reino Unido,31.9,902.66,4.84,38,28.29655172413793,Bajo
2020,Asia,India,26.9,348.81,1.78,38,12.966914498141264,Bajo
2024,América del Sur,Brasil,25.4,176.8,4.02,79,6.9606299212598435,Alto
2023,América del Sur,Chile,21.8,631.01,3.98,90,28.945412844036696,Crítico
2024,América del Sur,Brasil,20.9,360.28,4.18,84,17.238277511961723,Crítico
2020,Asia,China,20.6,216.31,3.77,47,10.500485436893204,Medio
2024,América del Norte,Canadá,22.7,546.86,4.51,73,24.090748898678417,Alto
2021,América del Norte,Canadá,19.7,901.73,4.81,86,45.773096446700514,Crítico
2020,América del Sur,Chile,21.8,842.63,4.23,87,38.65275229357798,Crítico
2021,Europa,Italia,21.5,240.02,4.27,84,11.163720930232559,Crítico
2024,América del Sur,Brasil,30.9,222.72,1.39,45,7.207766990291263,Medio
2021,Asia,India,21.9,142.6,2.37,34,6.511415525114155,Bajo
2020,América del Sur,Argentina,27.5,849.01,3.98,73,30.87309090909091,Alto
2023,América del Sur,Brasil,18.4,251.11,3.72,48,13.647282608695654,Medio
2021,Europa,Italia,27.9,472.05,1.14,72,16.91935483870968,Alto
2022,Asia,Pakistán,27.4,722.22,1.3,72,26.358394160583945,Alto
2022,Asia,Japón,15.5,978.08,4.73,82,63.10193548387097,Crítico
2020,Asia,Indonesia,32.0,141.96,2.58,80,4.43625,Alto
2023,América del Norte,México,15.6,852.55,4.16,35,54.65064102564102,Bajo
2021,África,Egipto,16.8,960.86,4.07,34,57.194047619047616,Bajo
2020,Asia,Japón,27.1,399.62,3.43,29,14.746125461254612,Bajo
2025,América del Sur,Brasil,33.5,381.88,4.85,29,11.399402985074627,Bajo
2025,América del Norte,Canadá,14.2,735.03,2.48,86,51.76267605633803,Crítico
2022,Oceanía,Nueva Zelanda,16.4,574.5,2.05,80,35.03048780487805,Alto
2023,América del Norte,Estados Unidos,14.1,489.83,1.48,55,34.739716312056736,Medio
2020,Asia,Pakistán,27.0,294.27,1.66,87,10.898888888888889,Crítico
2023,Asia,Japón,28.0,247.09,4.37,55,8.824642857142857,Medio
2021,América del Norte,Estados Unidos,23.1,791.78,4.22,40,34.27619047619047,Bajo
2020,América del Norte,México,26.7,269.03,1.61,60,10.076029962546816,Medio
2022,Asia,India,10.7,858.14,1.07,56,80.2,Medio
2025,Asia,Indonesia,20.6,747.65,1.12,46,36.293689320388346,Medio
2021,África,Sudáfrica,20.5,838.32,2.15,83,40.89365853658537,Crítico
2025,África,Egipto,23.0,454.66,1.16,71,19.76782608695652,Alto
2020,América del Sur,Chile,20.0,612.28,4.6,57,30.613999999999997,Medio
2021,Oceanía,Nueva Zelanda,14.5,472.11,3.38,84,32.55931034482759,Crítico
2022,Europa,Francia,30.0,274.05,2.74,78,9.135,Alto
2021,Oceanía,Nueva Zelanda,11.0,815.04,4.06,70,74.09454545454545,Alto
2021,América del Sur,Argentina,15.1,945.02,3.63,45,62.5841059602649,Medio
2022,Oceanía,Nueva Zelanda,10.6,185.92,1.29,51,17.539622641509432,Medio
2024,Europa,Francia,13.0,809.22,4.46,43,62.24769230769231,Medio
2020,Oceanía,Nueva Zelanda,27.6,103.32,3.96,38,3.7434782608695647,Bajo
2025,América del Sur,Brasil,14.4,988.89,4.35,78,68.67291666666667,Alto
2023,Asia,Pakistán,12.1,777.89,1.98,40,64.28842975206612,Bajo
2021,América del Norte,México,25.6,436.63,1.65,23,17.055859374999997,Bajo
2021,Asia,Pakistán,27.2,150.82,2.07,55,5.544852941176471,Medio
2022,América del Norte,México,31.5,962.52,2.02,76,30.556190476190476,Alto
2022,América del Sur,Argentina,16.5,683.32,1.3,63,41.413333333333334,Alto
2023,Oceanía,Nueva Zelanda,32.8,614.15,2.84,38,18.72408536585366,Bajo
2022,Asia,China,28.9,744.51,3.39,78,25.761591695501732,Alto
2024,Oceanía,Nueva Zelanda,30.8,807.14,1.35,60,26.205844155844154,Medio
2024,América del Sur,Argentina,24.6,786.7,4.14,62,31.979674796747968,Alto
2024,Europa,España,10.7,707.91,4.67,43,66.15981308411214,Medio
2023,Europa,España,34.2,142.84,3.19,58,4.176608187134502,Medio
2021,Oceanía,Australia,13.9,866.89,4.24,37,62.36618705035971,Bajo
2022,América del Sur,Argentina,19.7,670.84,2.69,55,34.05279187817259,Medio
2022,África,Nigeria,19.4,326.6,3.27,69,16.835051546391757,Alto
2020,América del Sur,Chile,28.0,351.95,4.24,69,12.569642857142856,Alto
2023,Oceanía,Australia,28.8,718.22,2.6,36,24.938194444444445,Bajo
2022,América del Norte,Canadá,19.2,644.16,4.85,49,33.55,Medio
2023,África,Sudáfrica,12.7,201.4,3.64,78,15.858267716535435,Alto
2020,Asia,Japón,30.6,873.13,4.1,56,28.533660130718953,Medio
2020,África,Sudáfrica,17.0,346.58,1.59,31,20.38705882352941,Bajo
2020,Oceanía,Nueva Zelanda,10.5,800.97,3.89,55,76.28285714285714,Medio
2020,Europa,Francia,20.5,993.64,4.83,63,48.47024390243902,Alto
2022,América del Norte,Canadá,14.2,960.63,1.08,69,67.65,Alto
2020,África,Kenia,10.6,175.66,2.65,46,16.571698113207546,Medio
2023,Oceanía,Nueva Zelanda,33.6,415.58,1.25,66,12.36845238095238,Alto
2023,Oceanía,Australia,10.1,236.37,2.23,20,23.402970297029704,Bajo
2024,Europa,España,33.7,693.72,2.03,63,20.585163204747772,Alto
2025,Europa,Italia,22.4,717.57,4.33,90,32.034375000000004,Crítico
2024,Europa,Reino Unido,13.0,248.36,1.26,30,19.104615384615386,Bajo
2024,Asia,China,18.5,482.19,1.83,77,26.064324324324325,Alto
2020,América del Sur,Brasil,26.4,116.45,1.37,80,4.410984848484849,Alto
2021,Europa,Reino Unido,15.7,221.57,3.4,47,14.112738853503185,Medio
2024,África,Egipto,18.7,776.53,1.23,51,41.52566844919786,Medio
2020,Asia,Pakistán,26.7,531.7,4.64,41,19.913857677902623,Medio
2021,Asia,Japón,18.4,633.29,4.51,82,34.4179347826087,Crítico
2024,América del Sur,Argentina,25.3,529.08,2.18,33,20.91225296442688,Bajo
2022,América del Sur,Chile,22.0,384.89,3.78,80,17.495,Alto
2021,África,Egipto,19.5,572.28,3.74,61,29.347692307692306,Alto
2022,Europa,Reino Unido,33.8,994.6,1.18,79,29.426035502958584,Alto
2021,Europa,España,11.4,164.9,3.91,36,14.464912280701755,Bajo
2024,Oceanía,Nueva Zelanda,25.7,790.5,3.66,23,30.75875486381323,Bajo
2021,América del Norte,Estados Unidos,27.6,171.05,3.29,65,6.197463768115942,Alto
2023,Asia,Pakistán,10.1,736.29,1.36,31,72.9,Bajo
2024,Asia,Japón,18.8,947.73,3.89,88,50.41117021276596,Crítico
2020,Oceanía,Nueva Zelanda,22.4,915.45,3.95,23,40.86830357142858,Bajo
2020,África,Kenia,13.8,511.57,3.5,30,37.07028985507246,Bajo
2020,Oceanía,Nueva Zelanda,33.9,464.0,1.88,47,13.68731563421829,Medio
2020,Asia,China,14.4,692.94,4.19,79,48.12083333333334,Alto
2023,Oceanía,Australia,24.5,110.88,3.24,87,4.525714285714286,Crítico
2025,América del Sur,Argentina,14.2,869.13,4.72,67,61.206338028169014,Alto
2025,América del Norte,Estados Unidos,25.4,338.87,1.06,86,13.341338582677166,Crítico
2023,África,Sudáfrica,20.5,798.49,4.3,53,38.950731707317075,Medio
2024,Oceanía,Australia,11.0,390.76,1.98,23,35.52363636363636,Bajo
2022,América del Sur,Chile,15.3,493.05,4.1,23,32.22549019607843,Bajo
2025,África,Sudáfrica,22.9,630.23,3.87,26,27.520960698689958,Bajo
2023,África,Kenia,10.3,671.94,3.52,52,65.2368932038835,Medio
2023,Europa,Francia,18.9,749.18,4.21,48,39.63915343915344,Medio
2021,América del Sur,Argentina,34.5,440.99,4.6,23,12.78231884057971,Bajo
2021,Europa,Italia,19.5,994.82,3.56,55,51.01641025641026,Medio
2023,África,Kenia,23.0,548.52,2.62,68,23.848695652173912,Alto
2021,Oceanía,Australia,33.2,228.33,4.3,59,6.877409638554217,Medio
2022,Europa,Alemania,10.9,992.99,3.58,68,91.1,Alto
2022,Oceanía,Nueva Zelanda,19.5,794.73,2.03,64,40.755384615384614,Alto
2024,América del Norte,Estados Unidos,33.1,225.73,2.95,59,6.819637462235649,Medio
2024,Oceanía,Australia,16.2,272.82,4.78,88,16.840740740740742,Crítico
2024,Asia,Pakistán,13.1,433.04,3.58,24,33.05648854961832,Bajo
2025,Europa,Reino Unido,14.7,622.73,3.04,51,42.362585034013605,Medio
2024,Oceanía,Australia,26.4,678.06,2.89,54,25.68409090909091,Medio
2021,América del Sur,Brasil,19.1,974.39,2.46,37,51.01518324607329,Bajo
2021,Asia,Japón,23.1,359.28,4.96,72,15.553246753246752,Alto
2020,América del Sur,Brasil,18.8,437.31,1.96,49,23.261170212765958,Medio
2025,América del Norte,Estados Unidos,27.1,481.41,4.13,34,17.76420664206642,Bajo
2023,América del Sur,Chile,27.7,712.09,3.42,70,25.7072202166065,Alto
2022,Asia,Indonesia,24.7,593.45,3.74,73,24.02631578947369,Alto
2025,América del Norte,México,19.3,810.31,4.09,73,41.98497409326424,Alto
2023,Oceanía,Nueva Zelanda,33.2,967.91,3.92,38,29.1539156626506,Bajo
2024,África,Nigeria,20.5,970.5,4.43,35,47.34146341463415,Bajo
2022,Asia,India,32.3,620.8,1.1,27,19.21981424148607,Bajo
2022,América del Norte,Canadá,20.4,529.63,1.79,22,25.962254901960787,Bajo
2025,Asia,Japón,32.3,163.4,1.75,24,5.058823529411765,Bajo
2024,América del Norte,Estados Unidos,12.7,923.19,3.42,40,72.69212598425197,Bajo
2021,Oceanía,Australia,10.2,994.39,2.02,68,97.48921568627452,Alto
2020,Oceanía,Nueva Zelanda,18.0,744.3,2.83,69,41.349999999999994,Alto
2022,Asia,Pakistán,11.9,128.98,2.83,28,10.838655462184873,Bajo
2023,Asia,Japón,17.0,384.06,1.05,33,22.591764705882355,Bajo
2023,Europa,España,15.4,161.94,4.26,34,10.515584415584415,Bajo
2020,África,Sudáfrica,21.0,172.32,1.91,46,8.205714285714285,Medio
2024,África,Nigeria,21.5,454.33,2.7,34,21.131627906976743,Bajo
2021,Asia,Indonesia,13.3,591.07,3.36,51,44.44135338345865,Medio
2021,América del Norte,Estados Unidos,22.2,821.1,3.11,88,36.98648648648649,Crítico
2020,Europa,Alemania,26.3,706.05,2.95,79,26.846007604562736,Alto
2025,Oceanía,Nueva Zelanda,24.4,710.37,4.57,32,29.113524590163937,Bajo
2020,Oceanía,Nueva Zelanda,33.7,829.77,1.06,31,24.622255192878335,Bajo
2023,Asia,Japón,18.2,188.86,3.84,88,10.376923076923077,Crítico
2023,América del Norte,México,16.3,541.02,4.11,47,33.191411042944786,Medio
2025,Europa,Reino Unido,34.1,760.72,3.63,76,22.30850439882698,Alto
2020,Oceanía,Australia,14.2,435.13,4.23,43,30.642957746478874,Medio
2025,Europa,Italia,29.2,208.01,4.51,74,7.123630136986301,Alto
2023,África,Nigeria,11.1,935.86,3.75,41,84.31171171171171,Medio
2021,África,Egipto,30.8,602.28,2.34,83,19.554545454545455,Crítico
2023,América del Norte,Canadá,30.1,734.09,1.49,29,24.388372093023257,Bajo
2023,América del Norte,Canadá,18.5,250.02,3.36,44,13.514594594594595,Medio
2025,Oceanía,Australia,19.4,863.22,4.49,72,44.4958762886598,Alto
2022,Europa,Alemania,20.1,898.83,3.1,28,44.71791044776119,Bajo
2020,América del Norte,México,27.7,991.76,1.61,72,35.803610108303246,Alto
2020,África,Sudáfrica,26.2,289.9,4.69,58,11.064885496183205,Medio
2021,América del Norte,Canadá,23.5,684.84,4.78,73,29.14212765957447,Alto
2021,África,Kenia,11.7,502.57,1.6,84,42.95470085470086,Crítico
2022,Asia,India,18.6,824.13,4.65,20,44.30806451612903,Bajo
2023,Asia,Pakistán,26.8,413.75,2.41,34,15.438432835820896,Bajo
2022,Oceanía,Nueva Zelanda,32.5,481.53,3.65,52,14.816307692307692,Medio
2024,África,Kenia,22.5,887.66,1.1,37,39.45155555555555,Bajo
2022,América del Norte,Canadá,14.2,945.16,4.12,85,66.56056338028169,Crítico
2024,Oceanía,Nueva Zelanda,11.8,311.78,4.57,63,26.42203389830508,Alto
2020,Asia,China,27.0,533.62,1.83,85,19.763703703703705,Crítico
2021,África,Nigeria,19.2,824.92,1.89,43,42.96458333333333,Medio
2025,Europa,Francia,25.6,654.76,2.06,44,25.576562499999998,Medio
2024,América del Sur,Chile,12.0,968.73,4.57,69,80.7275,Alto
2021,Oceanía,Nueva Zelanda,26.1,207.9,4.73,41,7.9655172413793105,Medio
2025,América del Norte,México,16.9,995.93,3.24,26,58.93076923076923,Bajo
2022,América del Norte,Estados Unidos,27.7,615.19,4.74,46,22.209025270758126,Medio
2021,América del Norte,Estados Unidos,16.3,347.33,1.93,47,21.308588957055214,Medio
2024,Asia,Indonesia,33.4,515.78,4.55,28,15.44251497005988,Bajo
2022,Asia,Pakistán,32.8,614.92,1.24,48,18.747560975609755,Medio
2024,Europa,Italia,15.7,504.37,3.78,78,32.12547770700637,Alto
2021,Asia,India,21.3,988.17,2.07,61,46.39295774647887,Alto
2021,Asia,Indonesia,20.0,840.48,4.74,76,42.024,Alto
2024,América del Norte,Estados Unidos,19.4,976.83,3.2,71,50.35206185567011,Alto
2025,Asia,Pakistán,20.8,645.41,2.95,74,31.02932692307692,Alto
2023,Oceanía,Nueva Zelanda,22.7,367.93,1.68,78,16.208370044052863,Alto
2023,Asia,China,16.4,819.14,2.0,33,49.94756097560976,Bajo
2024,América del Sur,Argentina,13.7,700.82,2.3,27,51.15474452554745,Bajo
2024,Asia,Pakistán,23.2,550.36,1.44,86,23.72241379310345,Crítico
2020,América del Norte,Canadá,34.6,392.68,4.86,32,11.349132947976878,Bajo
2020,África,Egipto,18.0,198.15,1.93,70,11.008333333333333,Alto
2025,África,Egipto,17.5,903.5,4.38,27,51.628571428571426,Bajo
2021,África,Egipto,26.9,500.5,4.41,48,18.605947955390334,Medio
2025,Europa,Francia,15.9,590.17,4.26,77,37.11761006289308,Alto
2022,Asia,Japón,10.0,644.63,3.19,22,64.463,Bajo
2021,Europa,Francia,33.6,506.65,4.38,26,15.078869047619046,Bajo
2024,América del Sur,Chile,15.2,150.8,2.68,85,9.921052631578949,Crítico
2025,América del Norte,Estados Unidos,12.0,905.25,3.01,21,75.4375,Bajo
2025,Europa,Francia,12.7,722.07,2.37,39,56.85590551181103,Bajo
2023,Oceanía,Australia,31.3,195.53,3.48,22,6.246964856230032,Bajo
2025,Asia,India,24.2,974.79,1.5,89,40.280578512396694,Crítico
2021,Asia,Pakistán,16.0,827.96,4.87,71,51.7475,Alto
2024,África,Kenia,31.6,431.23,2.88,39,13.646518987341771,Bajo
2020,África,Egipto,34.8,552.28,1.8,56,15.870114942528737,Medio
2021,América del Sur,Argentina,17.6,119.4,3.46,52,6.784090909090909,Medio
2023,Oceanía,Nueva Zelanda,28.0,916.36,1.29,85,32.72714285714286,Crítico
2025,América del Norte,Estados Unidos,29.0,204.35,3.84,85,7.046551724137931,Crítico
2020,Europa,Alemania,26.6,276.44,4.91,47,10.392481203007518,Medio
2022,América del Sur,Brasil,23.2,416.35,1.23,52,17.946120689655174,Medio
2020,América del Norte,Canadá,30.5,774.79,4.52,59,25.40295081967213,Medio
2022,Oceanía,Nueva Zelanda,23.8,563.79,4.54,75,23.688655462184872,Alto
2021,América del Norte,México,11.9,695.38,3.01,40,58.435294117647054,Bajo
2024,Oceanía,Nueva Zelanda,20.4,132.18,1.7,70,6.479411764705883,Alto
2021,Europa,Francia,31.7,196.99,3.2,76,6.214195583596215,Alto
2020,América del Norte,Estados Unidos,26.8,172.85,4.51,69,6.449626865671641,Alto
2025,América del Sur,Brasil,18.5,420.51,4.46,89,22.73027027027027,Crítico
2023,África,Egipto,12.8,409.06,3.02,22,31.9578125,Bajo
2020,Asia,Japón,17.3,685.13,2.83,38,39.6028901734104,Bajo
2021,América del Sur,Brasil,29.8,760.64,3.4,74,25.524832214765098,Alto
2021,Oceanía,Nueva Zelanda,34.4,391.62,3.82,67,11.384302325581396,Alto
2022,Asia,Indonesia,11.2,173.18,4.99,55,15.462500000000002,Medio
2023,Europa,Italia,16.9,784.6,1.36,52,46.426035502958584,Medio
2023,Europa,España,33.2,534.09,4.6,82,16.087048192771086,Crítico
2025,Asia,Pakistán,25.0,289.65,4.13,75,11.585999999999999,Alto
2021,América del Norte,Canadá,27.2,274.94,1.06,54,10.108088235294117,Medio
